name,birth_date
Lèi,2013-11-21
Gaétane,2005-06-18
Annotés,2010-10-24
Naëlle,2005-07-28
Josée,2008-01-27
Ruò,2013-08-22
Géraldine,2011-11-04
Céline,2013-12-24
Torbjörn,2006-08-29
Mélissandre,2005-06-04
Marie-thérèse,2009-06-25
Marie-hélène,2000-05-19
Réservés,2012-02-24
Lén,2007-11-14
Pò,2015-06-26
Aí,2015-01-11
Pò,2006-04-02
Vérane,2010-03-07
Cinéma,2005-09-10
Örjan,2014-03-17
Naëlle,2011-05-23
Aí,2004-03-03
Vénus,2011-11-30
Hélèna,2009-06-03
Lucrèce,2012-11-04
Méthode,2013-08-14
Cécilia,2009-04-23
Amélie,2003-02-18
Réjane,2011-01-14
Edmée,2014-03-21
Lyséa,2002-01-19
Tú,2003-02-03
Yénora,2001-09-27
Françoise,2007-06-17
Ophélie,2009-01-08
Crééz,2006-11-25
Marie-noël,2008-11-07
Personnalisée,2003-03-13
Maëline,2010-09-10
Valérie,2007-05-27
Léandre,2014-08-24
Maïly,2012-01-16
Marie-noël,2001-11-10
Bécassine,2009-06-02
Marie-françoise,2008-06-06
Méng,2011-03-04
Annotés,2006-08-21
Félicie,2007-07-22
Illustrée,2001-09-10
Bérangère,2011-02-05
Andréa,2000-08-22
Åslög,2008-07-17
Gaëlle,2011-01-15
Kù,2010-11-17
Renée,2015-04-17
Ráo,2015-06-03
Andréanne,2001-10-26
Vénus,2007-12-06
Maëly,2008-10-06
Céline,2003-05-11
Kévina,2013-03-04
Réservés,2007-03-19
Cécilia,2005-04-28
Börje,2002-07-26
Faîtes,2013-04-20
Méghane,2008-10-14
Réjane,2003-03-22
Tán,2011-04-13
Léandre,2005-01-15
Zoé,2012-11-01
Mélanie,2011-04-16
Thérèse,2014-09-03
Eléonore,2004-04-22
Lén,2016-02-13
Nélie,2010-08-22
Pò,2012-04-18
Adèle,2006-04-14
Bécassine,2013-11-10
Jú,2005-04-02
Angèle,2006-12-28
Dù,2014-06-27
Bérengère,2001-01-30
Andréa,2006-01-06
Uò,2012-11-24
Stéphanie,2007-06-04
Estève,2014-10-26
Gaïa,2003-10-16
Pål,2014-06-13
Lyséa,2011-10-29
Marie-josée,2010-03-30
Aí,2012-08-20
Ruò,2012-11-17
Léonie,2004-10-12
André,2001-05-02
Estève,2014-01-28
Noémie,2007-01-16
Intéressant,2014-07-12
Laïla,2006-10-22
Salomé,2007-11-29
Geneviève,2008-05-21
Clémence,2008-10-16
Bérengère,2008-05-17
Eliès,2002-05-20
Wá,2015-04-09
Naëlle,2014-03-16
Maëlla,2001-10-14
Maëly,2011-06-27
Salomé,2013-08-25
Personnalisée,2010-08-24
Lauréna,2016-02-16
Liè,2010-12-25
Gaëlle,2006-03-02
Personnalisée,2008-06-04
Vérane,2007-07-18
Rébecca,2010-12-08
Märta,2012-03-15
Torbjörn,2009-10-01
Örjan,2008-02-17
Lài,2006-09-01
Amélie,2015-05-04
Cunégonde,2009-05-10
Garçon,2014-10-29
Eléonore,2013-04-06
Publicité,2004-07-26
Marie-josée,2001-01-01
Gösta,2015-09-12
Håkan,2002-11-29
Solène,2000-06-03
Anaëlle,2001-09-01
Agnès,2013-08-26
Marie-thérèse,2012-01-02
Simplifiés,2007-03-21
Irène,2001-03-17
Mélodie,2010-07-25
Vérane,2009-10-17
Athéna,2001-06-26
Dafnée,2002-06-29
Léonie,2002-11-28
Marie-thérèse,2004-12-15
Dorothée,2013-11-22
Loïc,2011-08-09
Faîtes,2007-11-10
Clémentine,2008-09-29
Léana,2004-08-08
Maëlla,2005-10-02
Cécilia,2002-12-30
Mårten,2013-05-04
Naéva,2016-02-06
Audréanne,2002-10-17
Médiamass,2007-03-13
Dà,2002-12-12
Mélia,2012-10-16
Eléa,2011-09-11
Personnalisée,2002-03-28
Desirée,2001-03-27
Gérald,2000-12-18
Irène,2007-09-15
Cloé,2009-07-16
Eliès,2002-11-19
Adélie,2007-01-18
Cinéma,2006-12-18
Marie-françoise,2012-02-29
Réservés,2006-09-25
Örjan,2011-10-27
Camélia,2009-11-20
Méryl,2003-08-02
Maïly,2003-10-05
Eugénie,2004-01-08
Personnalisée,2011-12-18
Angèle,2002-02-22
Jú,2001-04-14
Ophélie,2002-04-19
Mahélie,2010-01-22
Bérangère,2000-06-09
Athéna,2012-09-14
Cécilia,2006-01-15
Véronique,2007-05-01
Maëlys,2009-10-01
Eliès,2008-07-16
Marylène,2014-04-02
Pål,2009-09-24
Faîtes,2012-07-02
Wá,2011-09-28
Bécassine,2004-04-14
Méryl,2005-11-06
Marylène,2007-10-09
Torbjörn,2007-11-14
Ráo,2013-12-08
Eloïse,2010-05-29
Pò,2010-12-29
Lén,2001-12-16
Fèi,2009-12-01
Adélaïde,2004-01-18
Maëlla,2009-11-22
Yáo,2011-12-29
Naëlle,2014-06-06
Maëline,2001-01-11
Mén,2003-11-02
Maïté,2014-10-23
Estève,2003-08-31
Intéressant,2010-01-10
Wá,2005-06-26
Célestine,2008-12-30
Märta,2006-01-15
Clémentine,2008-01-18
Adélaïde,2008-12-16
Vénus,2006-09-30
Marie-ève,2010-07-29
Rébecca,2001-10-20
Miléna,2000-04-15
Andrée,2013-09-23
Méthode,2010-07-20
Méng,2014-04-26
Véronique,2001-04-18
Irène,2009-10-19
Lucrèce,2008-05-16
Örjan,2004-05-26
Pélagie,2007-02-04
Laïla,2011-02-01
Adélie,2003-01-22
Maïlys,2013-09-12
Mélodie,2009-09-13
Océanne,2005-03-24
Táng,2000-03-24
Inès,2000-06-03
Måns,2009-12-30
Irène,2002-11-18
Börje,2007-04-27
Gérald,2000-12-08
Mélys,2004-04-19
Eugénie,2012-04-30
Andrée,2009-10-31
Gaétane,2001-11-22
Véronique,2012-03-31
Béatrice,2009-04-22
Gwenaëlle,2002-05-06
Bérangère,2010-11-29
Mélys,2004-11-05
Garçon,2014-04-20
Liè,2007-07-26
Åslög,2006-01-05
Gaëlle,2004-06-15
Marie-hélène,2004-11-17
Loïc,2014-09-16
Anaé,2014-06-20
Annotée,2015-01-11
Loïc,2006-06-02
Océane,2012-04-02
Célestine,2005-10-11
Gaïa,2002-07-11
Françoise,2008-05-26
Bérénice,2001-08-14
Mårten,2006-08-24
Méline,2012-01-20
Adèle,2003-11-09
Aloïs,2003-02-08
Léonie,2010-07-16
Gaétane,2009-08-04
Alizée,2011-01-28
Erwéi,2011-06-13
Gisèle,2001-03-27
Nadège,2006-03-03
Pénélope,2009-08-06
Chloé,2007-02-11
Irène,2001-11-26
Gwenaëlle,2014-12-22
Amélie,2011-05-30
Annotée,2001-03-06
Yú,2003-05-18
Régine,2015-07-25
Lèi,2014-12-29
Stévina,2001-10-20
Vérane,2015-12-11
Angélique,2007-02-13
Mélissandre,2008-12-05
Magdalène,2014-05-13
Cécile,2005-07-15
Angélique,2015-07-13
Håkan,2015-04-13
Táng,2007-01-15
Yóu,2008-10-13
Görel,2009-03-21
Gaëlle,2004-11-26
Léandre,2002-11-17
Aurélie,2005-07-08
Loïca,2009-07-13
Méthode,2010-11-17
Geneviève,2002-09-27
Torbjörn,2004-11-27
Loïca,2011-02-18
Marie-josée,2013-04-05
Laurène,2015-07-19
Hélène,2003-02-07
Lauréna,2010-12-06
Clélia,2011-07-28
Géraldine,2006-05-17
Rachèle,2002-02-17
Åke,2012-06-16
Lóng,2002-03-23
Tán,2011-04-29
Frédérique,2015-08-06
Bécassine,2005-11-22
Ruì,2003-03-09
Görel,2010-06-29
Angélique,2008-10-07
Fèi,2015-05-30
Eléa,2009-03-16
Valérie,2001-07-10
Médiamass,2006-12-04
Nuó,2015-11-06
Görel,2001-05-30
Ruò,2007-08-08
Lauréna,2006-10-21
Marlène,2004-05-20
Mélanie,2015-10-17
Clémentine,2007-12-11
Angèle,2003-02-26
Mylène,2004-10-08
Maëlann,2010-02-26
Marylène,2003-02-18
Laïla,2015-06-28
Nuó,2007-09-28
Cléopatre,2000-08-30
Bénédicte,2010-01-18
Cinéma,2008-06-11
Agnès,2001-08-13
Naéva,2006-04-07
Mélina,2005-09-26
Méng,2012-01-21
Maïly,2010-05-14
Edmée,2014-02-03
Anaël,2008-01-01
Salomé,2001-11-25
Thérèse,2006-05-17
Irène,2010-08-29
Zoé,2014-11-12
Pénélope,2003-11-20
Eloïse,2014-08-24
Médiamass,2006-12-07
Méline,2013-12-26
Marie-hélène,2013-09-22
Pål,2005-09-20
Lyséa,2013-10-25
Adélie,2006-03-11
Marie-thérèse,2009-03-30
Angèle,2013-05-05
Maïté,2009-08-14
Méline,2013-12-23
Måns,2013-07-12
Salomé,2012-02-13
Maëlys,2000-11-05
Athéna,2002-09-12
Michèle,2012-08-09
Stéphanie,2003-02-26
Gaïa,2008-06-29
Mårten,2002-03-22
Pélagie,2006-06-24
Örjan,2007-04-13
Mégane,2006-01-31
Réservés,2000-05-31
Angélique,2006-11-18
Régine,2002-07-01
Börje,2002-06-22
Yóu,2016-02-08
Néhémie,2008-10-09
Stévina,2001-09-18
Loïca,2010-10-24
Lauréna,2001-02-26
Edmée,2010-04-09
Faîtes,2004-05-20
Lorène,2008-09-17
Anaël,2008-11-22
Béatrice,2010-11-12
Desirée,2013-03-29
André,2010-02-02
Kévina,2008-06-07
Méghane,2011-07-10
Françoise,2002-08-29
Cinéma,2006-04-07
Andréanne,2013-12-25
Naëlle,2009-12-28
Gérald,2015-12-03
Åke,2004-10-26
Léa,2004-03-23
Edmée,2000-12-29
Valérie,2013-11-05
Méng,2005-08-11
Kù,2016-01-18
Maï,2009-02-01
Eloïse,2001-11-18
Cléopatre,2015-02-06
Adèle,2007-11-15
Léana,2015-03-23
Yóu,2010-08-29
Maëlann,2004-09-18
Gaëlle,2006-02-05
Salomé,2012-10-03
Séréna,2010-11-14
Simplifiés,2010-11-10
Clélia,2015-03-23
Régine,2014-02-20
Vénus,2014-01-03
Edmée,2008-02-11
Aí,2008-03-10
Aí,2011-10-25
Michèle,2005-01-30
Sòng,2009-08-10
Geneviève,2011-12-15
Géraldine,2007-09-02
Mélanie,2001-11-27
Yénora,2010-10-25
Börje,2000-04-01
Aimée,2015-10-11
Tán,2011-08-13
Mårten,2007-02-09
Crééz,2008-03-28
Östen,2004-12-29
Pò,2011-06-30
Esbjörn,2012-03-23
Kuí,2010-03-24
Gwenaëlle,2003-09-04
Eléonore,2009-06-17
Léonie,2006-05-10
Gaétane,2007-01-10
Mahélie,2005-04-21
Nuó,2012-02-21
Mélissandre,2011-06-12
Marie-hélène,2007-05-16
Daphnée,2015-11-04
Marlène,2010-10-05
Styrbjörn,2015-03-19
Dù,2013-05-16
Maëlyss,2005-09-08
Noëlla,2012-09-21
Zhì,2012-04-19
Börje,2013-01-11
Lucrèce,2006-09-02
Mélys,2010-04-27
Frédérique,2015-06-07
Sélène,2004-03-13
Cléopatre,2003-03-05
Athéna,2011-11-22
Loïs,2013-12-31
Cinéma,2005-03-05
Bérangère,2011-05-27
Maëlyss,2005-11-12
Kévina,2005-04-07
Nadège,2001-03-09
Garçon,2009-03-24
Renée,2001-04-15
Gwenaëlle,2013-11-15
Léane,2000-05-27
Bécassine,2006-02-18
Maïlys,2014-05-24
Andrée,2012-11-17
André,2000-06-29
Loïs,2010-01-27
Estée,2003-02-02
Desirée,2015-01-29
Dafnée,2002-02-13
Fèi,2008-10-19
Personnalisée,2011-11-14
Marie-ève,2007-04-08
Marie-thérèse,2014-09-11
Renée,2003-01-15
Valérie,2001-12-24
Crééz,2014-10-01
Hélèna,2012-03-29
Michèle,2010-03-22
Andréa,2011-01-20
Desirée,2006-01-01
Clémentine,2015-05-19
Tú,2007-07-25
Cécilia,2007-08-23
Marie-ève,2006-09-27
Noémie,2007-07-17
Anaëlle,2007-06-17
Marie-françoise,2002-02-28
Mà,2001-05-11
Eugénie,2013-12-08
Mélissandre,2004-03-27
Andréanne,2004-09-24
Françoise,2014-05-17
Ophélie,2003-11-09
Lén,2000-07-05
Danièle,2003-08-24
Athéna,2012-01-05
Fèi,2013-03-06
Dà,2005-05-17
Zhì,2002-01-22
Táng,2008-09-05
Örjan,2010-04-30
Lóng,2007-05-28
Léana,2009-02-26
Célia,2012-01-04
Josée,2003-06-27
Nélie,2010-06-27
Vérane,2008-02-05
Marylène,2008-09-07
Torbjörn,2015-11-01
Géraldine,2009-04-21
Léa,2009-04-13
Åke,2011-09-27
Laurélie,2006-07-04
Göran,2010-09-30
Örjan,2005-06-02
Göran,2011-12-11
Annotés,2013-07-04
Méthode,2002-09-10
Angèle,2003-10-27
Méghane,2005-01-24
Maïlis,2009-12-13
Méghane,2015-11-15
Josée,2006-10-19
Märta,2004-09-10
Léone,2013-11-15
Noémie,2014-12-02
Östen,2011-02-10
Lucrèce,2011-07-13
Gaïa,2004-12-25
Lorène,2010-12-21
Françoise,2004-12-01
Léana,2015-01-03
Frédérique,2015-05-19
Cloé,2007-06-11
Maïlis,2011-02-19
Laurène,2009-11-27
Publicité,2004-08-26
Esbjörn,2015-12-09
Styrbjörn,2006-06-14
Vénus,2001-10-16
Sòng,2015-09-18
Marie-françoise,2007-08-16
Thérèse,2000-08-31
Vénus,2006-11-23
Loïs,2012-07-18
Cunégonde,2004-08-31
Fèi,2014-04-14
Frédérique,2012-07-23
Eugénie,2012-04-23
Océane,2015-01-24
Rébecca,2010-10-30
Réservés,2006-08-20
Clémence,2013-02-13
Andrée,2006-10-12
Loïca,2003-10-25
Kévina,2011-01-19
Rébecca,2013-07-05
Edmée,2008-04-17
Séréna,2011-01-23
Dafnée,2003-12-18
Dafnée,2007-11-26
Maïlys,2007-08-31
Loïs,2006-11-05
Yáo,2010-04-12
Åslög,2001-07-02
Dù,2002-12-05
Léa,2013-10-14
Stévina,2010-06-12
Renée,2015-03-22
Naéva,2003-05-10
Maï,2002-07-18
Annotée,2007-02-14
Gaëlle,2003-06-20
Célestine,2000-06-24
Cloé,2008-06-13
Vénus,2000-08-17
Eléonore,2010-09-22
Cécilia,2013-01-03
Estée,2015-03-09
Thérèse,2000-12-15
Maëlyss,2000-10-31
Véronique,2002-11-28
Desirée,2007-05-14
Aloïs,2009-04-22
Maïlys,2003-11-29
Edmée,2005-03-17
Réjane,2009-06-04
Camélia,2001-06-23
Josée,2015-10-17
Lèi,2001-09-11
Märta,2010-02-21
Lén,2013-07-17
Adélaïde,2011-09-04
Maï,2007-07-08
Méthode,2001-06-18
Angèle,2015-08-26
Sélène,2009-07-17
Mélanie,2004-07-02
Kévina,2016-03-03
Kallisté,2005-02-16
Amélie,2004-01-23
Béatrice,2015-04-03
Dù,2005-03-18
Thérèse,2000-06-11
Cloé,2014-11-18
Chloé,2007-09-19
Tú,2013-11-13
Maëlyss,2015-10-09
Pénélope,2008-10-02
Séréna,2014-06-08
Dù,2007-07-28
Lóng,2009-11-30
Gisèle,2013-07-27
Dafnée,2006-06-20
Alizée,2004-05-01
Danièle,2003-02-27
Åsa,2006-04-25
Bérangère,2000-07-17
Garçon,2001-07-04
Célia,2004-12-12
Dà,2011-03-11
Athéna,2001-08-04
Laurène,2003-09-08
Françoise,2012-03-30
Sélène,2002-07-01
Marlène,2003-12-28
Maëlle,2005-07-18
Mahélie,2005-01-05
Mélanie,2002-04-28
Yáo,2013-11-08
Naëlle,2004-12-31
Géraldine,2004-06-16
Anaëlle,2010-06-22
Cloé,2005-09-21
Cléopatre,2005-01-22
Adèle,2013-09-25
Kallisté,2012-08-17
Angèle,2000-07-19
Daphnée,2004-03-13
Séréna,2008-07-31
Táng,2001-04-11
Valérie,2006-10-17
Cinéma,2015-09-08
Cécile,2005-06-18
Kévina,2005-04-24
Gösta,2004-12-17
Mélys,2011-12-08
Eliès,2012-05-31
Marie-josée,2014-07-30
Lucrèce,2015-05-27
Laïla,2005-05-03
Maëlle,2010-01-08
Angélique,2015-01-13
Anaëlle,2012-01-11
Mélia,2003-09-11
Stéphanie,2014-10-07
Mélina,2012-10-03
Aloïs,2000-08-11
Vérane,2011-02-25
Méng,2004-02-26
Réjane,2007-01-10
Torbjörn,2008-12-14
Françoise,2009-07-19
Eloïse,2000-07-04
Edmée,2009-05-24
Aimée,2006-09-06
Kù,2010-12-08
Josée,2015-09-14
Lucrèce,2006-02-11
Valérie,2003-07-21
Renée,2010-04-29
Josée,2009-01-05
Crééz,2001-10-21
Kévina,2001-02-03
Renée,2004-02-09
Yú,2008-02-27
Mårten,2005-04-13
Bécassine,2014-11-07
Åke,2012-01-18
Ophélie,2010-09-30
Océane,2013-10-04
Méthode,2000-03-13
Méthode,2011-01-13
Mégane,2011-08-02
Valérie,2006-05-12
Joséphine,2002-11-14
Aimée,2014-02-18
Léandre,2004-10-23
Adèle,2009-06-29
Ráo,2002-12-10
Annotée,2002-03-22
Léane,2009-11-04
Naéva,2002-09-01
Edmée,2014-02-16
Clémentine,2003-01-23
Cléa,2012-11-05
Célestine,2010-05-23
Geneviève,2002-04-20
Inès,2015-09-24
Maéna,2005-12-10
Maïly,2008-04-12
Liè,2009-05-26
Anaël,2005-11-28
Aimée,2015-01-29
Angèle,2001-03-02
Kévina,2008-05-23
Maïlys,2015-03-07
Félicie,2004-05-22
Méline,2001-09-24
Pål,2007-07-13
Yáo,2009-03-25
Lèi,2015-10-11
Adélie,2010-08-31
Loïc,2001-09-01
Ráo,2008-03-31
Wá,2001-11-18
Åke,2008-10-30
Rachèle,2010-02-23
Maëlle,2003-08-08
Annotée,2010-01-20
Nélie,2009-11-27
Thérèsa,2005-09-14
Anaïs,2013-07-27
Thérèsa,2013-11-27
Lorène,2011-02-06
Lài,2002-06-18
Maïlis,2007-02-14
Joséphine,2002-11-04
Rébecca,2011-05-03
Styrbjörn,2006-01-17
Uò,2003-04-05
Mélina,2013-05-27
Liè,2014-12-13
Ophélie,2002-06-26
Yóu,2001-01-27
Nadège,2015-04-27
Léonore,2014-05-06
Mélia,2006-01-04
Cunégonde,2001-10-20
Intéressant,2003-02-27
Geneviève,2003-06-23
Maëlys,2015-11-28
Yè,2008-02-24
Adélie,2009-11-20
Åsa,2006-05-12
Thérèsa,2012-08-03
Lài,2011-02-03
Agnès,2013-02-01
Annotée,2014-03-22
Léane,2002-10-04
Audréanne,2006-03-27
Célia,2007-01-05
Táng,2004-09-09
Médiamass,2004-03-14
Dà,2003-11-26
Clémence,2009-05-08
Göran,2001-03-30
Gwenaëlle,2007-10-15
Faîtes,2000-12-31
Frédérique,2013-09-28
Zoé,2006-12-19
Gaétane,2004-05-26
Styrbjörn,2010-04-14
Gaïa,2002-12-09
Léana,2000-04-15
Yè,2007-01-12
Solène,2005-10-22
Eliès,2003-03-21
Dù,2002-11-10
Cléa,2003-07-23
Océanne,2014-12-01
André,2013-02-17
Örjan,2001-02-03
Magdalène,2007-01-25
Mylène,2005-12-08
Laïla,2009-05-01
Bérénice,2007-09-19
Ráo,2002-02-11
Salomé,2005-11-24
Cléa,2005-12-22
Wá,2013-07-20
Ruò,2003-03-31
Ráo,2000-12-28
Loïc,2014-02-22
Régine,2003-04-24
Hélèna,2005-01-22
Léana,2009-11-05
Marie-thérèse,2014-07-10
Pélagie,2002-12-09
Agnès,2014-07-07
Tán,2008-05-29
Mélia,2001-06-30
Joséphine,2000-06-30
Kallisté,2008-09-15
Adélaïde,2013-05-18
Mélissandre,2011-10-26
Rébecca,2012-06-20
Mahélie,2010-06-15
Sòng,2009-05-16
Mélissandre,2013-05-13
Hélèna,2002-11-22
Örjan,2007-01-16
Inès,2001-06-07
Cloé,2000-08-02
Marie-françoise,2008-02-06
Miléna,2012-10-19
Cléopatre,2003-01-31
Lén,2013-11-15
Kù,2002-07-08
Athéna,2002-01-19
Cécile,2009-05-10
Cléa,2014-11-21
Gösta,2002-05-27
Médiamass,2005-02-18
Björn,2004-01-30
Lauréna,2007-06-29
Angélique,2001-01-07
Maëlla,2012-11-23
Börje,2011-05-18
Véronique,2009-09-27
Géraldine,2001-11-09
Anaël,2015-03-22
Yáo,2006-06-09
Kévina,2004-12-16
Miléna,2013-06-01
Cunégonde,2004-10-10
Garçon,2001-09-25
Andrée,2006-06-18
Angélique,2006-04-27
Torbjörn,2005-03-18
Cécile,2008-04-01
Marlène,2014-11-14
Märta,2001-10-20
Léa,2011-05-08
Clémentine,2014-07-29
Bérénice,2007-01-24
Marlène,2012-03-30
Dafnée,2001-08-29
Eloïse,2004-03-25
Görel,2007-02-14
Dà,2003-01-11
Naëlle,2002-10-15
Irène,2012-12-08
Gaïa,2005-07-25
Méryl,2002-08-24
Maëlle,2012-12-07
Táng,2006-12-11
Léa,2005-04-01
Táng,2006-02-25
Médiamass,2012-05-21
Sélène,2013-06-02
Aimée,2000-09-20
Rébecca,2007-01-21
Mylène,2008-10-28
Néhémie,2011-10-12
Solène,2007-05-26
Maïté,2014-03-18
André,2009-08-01
Geneviève,2007-12-12
Célia,2011-01-05
Laurène,2012-09-12
Pénélope,2008-02-15
Laurène,2009-08-17
Joséphine,2009-07-31
Inès,2014-10-24
Vénus,2009-06-02
Maëly,2008-05-17
Clélia,2014-02-03
Athéna,2014-07-26
Célia,2014-09-17
Marylène,2012-05-26
Loïca,2014-11-16
Almérinda,2004-01-21
Maïlis,2006-10-07
Åsa,2008-07-09
Méryl,2015-03-08
Clélia,2000-07-20
Vénus,2010-08-29
Styrbjörn,2014-01-22
Intéressant,2014-10-04
Zoé,2009-02-01
Simplifiés,2001-08-05
Mahélie,2014-08-10
Sélène,2014-07-25
Léonore,2006-05-24
Mélodie,2003-08-08
Adèle,2001-04-25
Mén,2008-10-13
Pénélope,2007-04-11
Réservés,2015-07-31
Lyséa,2011-01-12
Maï,2007-12-11
Maëlla,2003-04-03
Maïlis,2001-04-18
Bérangère,2005-08-15
Réjane,2014-04-21
Maéna,2007-06-28
Erwéi,2006-11-24
Dù,2006-06-29
Athéna,2005-05-02
Méryl,2010-11-25
Béatrice,2013-10-28
Yú,2005-02-15
Cinéma,2005-12-21
Céline,2013-08-13
André,2006-06-18
Måns,2012-08-27
Crééz,2011-08-09
Esbjörn,2004-12-10
Maïlis,2004-09-10
Régine,2009-06-14
Dà,2011-04-03
Réservés,2006-09-23
Styrbjörn,2007-08-11
Andréa,2015-10-19
Réjane,2010-03-23
Eliès,2011-04-19
Marlène,2011-07-31
Åslög,2003-01-11
Hélène,2003-02-20
Vénus,2000-04-04
Amélie,2011-01-15
Chloé,2012-12-14
Mà,2005-06-17
Amélie,2003-04-29
Léane,2005-05-05
Gösta,2010-09-02
Michèle,2007-08-17
Mélys,2015-09-13
Régine,2007-05-22
Naéva,2007-12-27
Fèi,2013-07-03
Andréanne,2000-06-04
Simplifiés,2000-09-20
Illustrée,2006-12-26
Marie-josée,2010-06-19
Agnès,2015-11-22
Léone,2011-06-15
Léandre,2015-01-09
Méng,2002-12-29
Cécilia,2014-04-29
Rachèle,2003-09-08
Nadège,2014-06-04
Lyséa,2005-08-06
Cunégonde,2004-04-30
Clémence,2009-11-11
Ruò,2010-03-16
Göran,2003-04-24
Rachèle,2005-03-26
Céline,2013-07-11
Réservés,2010-04-10
Wá,2015-02-04
Clémentine,2010-03-21
Zoé,2014-06-08
Béatrice,2003-11-10
Mélinda,2002-03-20
Stévina,2013-01-19
Ruì,2007-03-18
Audréanne,2002-06-17
Faîtes,2014-06-06
Tán,2005-02-21
Marie-thérèse,2014-06-09
Maïté,2014-11-12
Régine,2000-08-21
Östen,2002-11-06
Mélanie,2003-09-17
Yáo,2010-02-18
Hélèna,2007-01-29
Nuó,2007-04-29
Nadège,2001-05-02
Åsa,2012-08-19
Irène,2000-05-14
Josée,2005-05-16
Styrbjörn,2002-09-30
Aurélie,2002-02-05
Maëlann,2001-01-19
Crééz,2001-03-20
Örjan,2014-12-31
Pélagie,2002-10-11
Maëlann,2002-01-01
Angèle,2014-07-12
Lóng,2000-06-02
Méghane,2015-08-03
Aurélie,2009-08-23
Angélique,2006-01-14
Lén,2012-01-19
Maëline,2010-08-24
Görel,2014-04-16
Lèi,2006-11-10
Edmée,2007-11-28
Anaé,2002-02-26
Méghane,2006-05-09
Cunégonde,2013-01-28
Marie-françoise,2005-01-13
Måns,2013-09-22
Maëlle,2006-10-15
Bénédicte,2005-06-20
Célestine,2013-08-22
Maëline,2001-04-27
Danièle,2000-07-30
André,2008-02-05
Vénus,2010-12-16
Aurélie,2009-02-16
Estée,2015-11-24
Björn,2011-08-10
Almérinda,2001-11-16
Almérinda,2013-07-01
Cloé,2003-04-15
Vérane,2008-06-18
Märta,2014-10-14
Lóng,2000-03-22
Thérèse,2006-08-12
Görel,2013-08-01
Jú,2004-09-22
Andréanne,2003-05-23
Zhì,2003-06-01
Anaëlle,2011-03-30
Bécassine,2003-06-11
Réjane,2014-04-16
Estée,2007-10-18
Noémie,2013-05-28
Bérénice,2007-11-23
Lèi,2010-11-08
Garçon,2013-08-29
Jú,2014-03-14
Loïc,2012-08-15
Håkan,2000-04-20
Kù,2002-04-26
Angélique,2007-02-05
Lucrèce,2003-12-09
Edmée,2000-11-27
Zoé,2015-06-28
Kuí,2005-03-17
Edmée,2003-05-24
Pélagie,2006-06-29
Naéva,2011-12-09
Mélia,2010-05-07
Audréanne,2010-01-09
Agnès,2006-05-17
Erwéi,2010-01-01
Edmée,2010-07-11
Maïwenn,2009-02-18
Nuó,2002-09-27
Laurène,2004-01-10
Miléna,2005-01-01
Cléa,2014-07-14
Zoé,2002-03-15
Magdalène,2005-02-02
Réservés,2016-01-28
Angèle,2001-08-13
Cinéma,2000-06-27
Daphnée,2003-10-29
Maïté,2011-03-13
Maëlle,2000-12-08
Lorène,2012-04-02
Vérane,2013-05-24
Esbjörn,2014-11-09
Vérane,2010-03-09
Anaël,2002-05-13
Uò,2007-09-14
Solène,2004-05-18
Edmée,2003-03-31
Crééz,2013-12-08
Méthode,2013-06-26
Félicie,2003-08-27
Mahélie,2006-10-28
Lèi,2013-11-29
Gösta,2003-01-04
Faîtes,2013-08-08
Naëlle,2011-03-13
Eliès,2008-09-03
Estée,2010-04-09
Mahélie,2000-06-27
Néhémie,2013-12-10
Nélie,2002-07-14
Åsa,2003-01-30
Athéna,2012-01-13
Eléa,2003-08-15
Zoé,2013-07-25
Tán,2006-05-23
Loïca,2008-05-04
Célia,2011-11-27
Méng,2010-10-02
Méline,2010-07-09
Görel,2016-01-28
Vérane,2015-08-06
Frédérique,2010-04-23
Örjan,2009-11-23
Maëlann,2000-11-01
Mà,2009-02-14
Marie-noël,2008-12-03
Mélodie,2008-04-28
Inès,2006-05-07
Audréanne,2003-01-23
Léonore,2003-04-16
Eliès,2004-01-02
Bérénice,2009-05-07
Pélagie,2013-10-28
Göran,2012-01-02
Andréa,2000-09-13
Marie-noël,2001-09-30
Aloïs,2001-03-09
Léana,2008-01-28
Anaël,2008-08-01
Rébecca,2006-10-27
Rébecca,2005-09-06
Lauréna,2002-03-13
Ruì,2003-05-15
Léane,2010-02-14
Célestine,2006-08-23
Annotée,2009-07-15
Adélie,2001-06-10
Léandre,2003-02-22
Almérinda,2014-08-06
Maïlys,2010-12-19
Adélie,2002-09-24
Frédérique,2011-02-09
Nadège,2015-04-26
Lorène,2002-07-29
Daphnée,2000-05-06
Yóu,2005-07-23
Eléa,2003-09-03
Marie-françoise,2005-07-23
Gaétane,2014-07-01
Maéna,2015-01-02
Joséphine,2006-01-18
Dafnée,2007-01-05
Loïc,2007-10-12
Salomé,2009-08-01
Örjan,2003-01-16
Almérinda,2011-08-28
Eléonore,2014-03-11
Styrbjörn,2002-08-17
Eléa,2014-07-26
Béatrice,2005-08-30
Anaëlle,2006-11-13
Kù,2014-08-17
Zoé,2000-06-24
Séréna,2012-05-09
Yè,2003-09-07
Maëlann,2004-12-11
Adélaïde,2014-01-03
Gisèle,2009-04-24
Esbjörn,2011-07-27
Clélia,2013-10-16
Zhì,2005-07-11
Anaïs,2011-10-07
Åslög,2006-09-16
Eléonore,2014-12-31
Méryl,2014-12-26
Lauréna,2013-11-28
Personnalisée,2002-09-02
Mahélie,2006-03-21
Lài,2000-03-13
Bérengère,2009-07-06
Gérald,2001-08-16
Fèi,2009-11-14
Angélique,2013-08-24
Maïwenn,2013-08-15
Yénora,2006-08-16
Judicaël,2015-08-22
Bérengère,2007-03-19
Méryl,2014-09-05
Léandre,2005-12-31
Wá,2007-07-24
Lorène,2011-01-17
Maïly,2011-07-20
Wá,2003-12-15
Dafnée,2008-01-19
Anaël,2013-12-01
Annotés,2012-05-14
Mélissandre,2006-09-23
Clémence,2014-12-14
Kallisté,2001-07-30
Cléopatre,2015-01-22
Noémie,2003-03-23
Dù,2010-02-20
Eléonore,2004-05-10
Crééz,2012-06-24
Cléa,2013-02-01
Marie-hélène,2000-07-16
Anaïs,2016-01-01
Maëlle,2006-09-08
Tán,2010-10-16
Véronique,2013-06-05
Néhémie,2013-09-12
Uò,2005-07-13
Gösta,2005-08-25
Aloïs,2002-09-02
Célestine,2006-01-29
Océane,2004-02-13
Bénédicte,2010-03-22
Tán,2002-06-01
Rachèle,2010-02-13
Bénédicte,2015-04-26
Laurélie,2012-05-03
Noémie,2001-10-10
Marie-hélène,2000-04-13
Danièle,2009-03-11
Angélique,2003-04-03
Miléna,2004-02-26
Personnalisée,2015-01-15
Anaëlle,2004-02-27
Cinéma,2015-08-12
Cléa,2012-02-21
Gösta,2011-11-11
Maïlys,2013-07-12
Léandre,2000-11-05
Ophélie,2008-05-14
Liè,2001-07-05
Océanne,2000-08-04
Åsa,2004-07-25
Léandre,2008-05-11
Kù,2015-06-03
Adélie,2009-03-23
Yóu,2008-08-20
Estève,2009-04-15
Gaëlle,2014-03-03
Börje,2010-11-15
Mégane,2014-04-08
Gaïa,2006-10-31
Lèi,2014-02-15
Salomé,2006-01-28
Nuó,2000-12-05
Maéna,2003-04-25
Cléopatre,2000-12-26
Cunégonde,2011-04-05
Faîtes,2013-11-07
Marlène,2007-09-24
Léa,2000-09-30
Zhì,2003-06-17
Esbjörn,2007-04-03
Faîtes,2012-03-17
Lóng,2006-03-30
Rébecca,2002-09-17
Tán,2014-11-29
Fèi,2000-11-12
Maëly,2011-08-16
Mélina,2012-10-21
Réjane,2009-04-18
Publicité,2007-07-20
Bécassine,2002-03-19
Aí,2009-07-10
Yáo,2009-10-14
Loïs,2002-03-09
Aurélie,2003-10-13
Östen,2002-01-05
Célia,2013-06-28
Märta,2010-07-24
Eliès,2012-08-13
Anaëlle,2005-12-16
Lucrèce,2010-03-10
Marie-françoise,2008-08-08
Maéna,2005-06-16
Eléonore,2001-09-06
Liè,2011-09-09
Maëlyss,2008-05-31
Maëlann,2002-11-06
Cléopatre,2010-02-21
Léone,2007-05-13
Lén,2003-03-20
Nuó,2004-10-25
Tú,2000-06-25
Bénédicte,2013-01-16
Stéphanie,2001-09-20
Erwéi,2013-02-26
Athéna,2003-01-29
Åke,2001-01-15
Marie-noël,2015-04-07
Bécassine,2002-06-25
Audréanne,2015-04-19
Lorène,2004-07-29
Agnès,2003-08-20
Maëlle,2012-09-28
Léonie,2013-07-04
Märta,2012-01-08
Åsa,2007-06-09
Dà,2007-11-17
Intéressant,2008-12-17
Esbjörn,2015-03-11
Bérengère,2005-10-01
Mélissandre,2007-10-15
Marie-ève,2003-09-15
Céline,2009-07-07
Thérèse,2008-08-19
Pélagie,2000-07-25
Dorothée,2014-06-14
Audréanne,2000-06-12
Liè,2011-09-14
Pélagie,2006-10-18
Léane,2005-10-20
Mårten,2009-02-09
Maëlann,2015-11-22
Sélène,2012-02-06
Mà,2001-09-07
Marie-ève,2009-11-11
Léa,2007-10-22
Méghane,2008-09-23
Cléa,2011-08-17
Mégane,2003-08-06
Loïca,2007-05-29
Pénélope,2008-03-12
Cunégonde,2005-11-14
Lèi,2006-09-20
Amélie,2012-11-22
Yè,2000-04-09
Personnalisée,2000-03-15
Ráo,2013-11-01
Aí,2003-03-21
Hélèna,2005-10-08
Táng,2003-01-19
Esbjörn,2014-06-05
Andréa,2010-09-02
Aloïs,2011-03-01
Mélys,2001-10-24
Åsa,2007-11-06
Åsa,2014-09-08
Faîtes,2015-12-23
Maëlle,2011-06-03
Personnalisée,2013-11-19
Séverine,2015-10-22
Ophélie,2011-10-12
Mylène,2010-03-29
Médiamass,2007-11-23
Gaïa,2003-06-27
Ruì,2013-11-28
Anaïs,2014-04-03
Gérald,2001-07-27
Pélagie,2005-12-04
Styrbjörn,2001-11-19
Yú,2013-07-11
Dù,2006-12-11
Naéva,2014-08-02
Célestine,2011-10-02
Salomé,2007-05-02
Maïlis,2001-07-30
Daphnée,2010-12-21
Agnès,2002-07-29
Solène,2008-05-28
Gaïa,2003-08-24
Léane,2011-06-25
Véronique,2002-03-08
Néhémie,2005-11-26
Adélaïde,2002-12-26
Cinéma,2001-08-21
Almérinda,2011-07-11
Andréanne,2011-03-11
Angélique,2008-03-30
Börje,2016-02-03
Adélaïde,2013-02-09
Crééz,2010-01-06
Ruò,2005-10-25
Mélissandre,2009-05-05
Estève,2013-05-07
Maïté,2001-02-23
Médiamass,2014-12-20
Maëly,2013-08-06
Anaïs,2014-06-23
Bérénice,2003-06-02
Hélèna,2012-07-24
Solène,2009-02-03
Marie-françoise,2009-03-02
Ophélie,2012-03-06
Noëlla,2015-06-08
Inès,2007-02-09
Danièle,2007-05-04
Thérèse,2002-08-18
Maïlis,2001-04-07
Bécassine,2001-09-18
Frédérique,2013-11-14
Cléa,2002-03-04
Cinéma,2004-04-29
Cloé,2014-03-15
Rébecca,2012-08-10
Maïlys,2011-11-24
Thérèse,2003-08-05
Salomé,2009-11-22
Laurélie,2004-06-17
Yáo,2000-04-11
Torbjörn,2014-07-20
Léana,2008-12-18
Aí,2002-05-25
Véronique,2007-04-19
Maëlla,2002-10-08
Ruì,2014-01-10
Nadège,2003-11-09
Mélanie,2013-02-04
Eliès,2004-02-12
Béatrice,2014-09-14
Gisèle,2003-03-20
Måns,2007-10-06
Marylène,2007-11-07
Uò,2007-10-26
Noémie,2012-12-16
Océanne,2006-08-25
Néhémie,2010-10-12
Séréna,2013-12-06
Östen,2009-07-11
Maïwenn,2012-01-31
Marie-noël,2009-11-20
Angèle,2004-07-24
Görel,2003-07-04
Mårten,2011-11-21
Judicaël,2008-11-23
Thérèse,2012-07-11
Mén,2010-10-14
Maïwenn,2009-01-24
Noëlla,2008-05-19
Nadège,2003-09-09
Véronique,2004-08-20
Clémence,2000-04-23
Marie-thérèse,2011-02-17
Noëlla,2015-12-31
Lyséa,2001-05-25
Eloïse,2015-03-14
Laurélie,2001-08-21
Gaïa,2007-05-17
Lèi,2013-04-30
Maëlann,2007-01-03
Mélinda,2002-12-20
Cloé,2013-12-14
Sòng,2010-08-09
Bécassine,2005-11-04
Mylène,2005-05-23
Ruì,2003-12-11
Cléa,2009-07-20
Marie-josée,2007-12-08
Pò,2004-12-11
Marie-hélène,2003-09-10
Géraldine,2004-11-30
Thérèsa,2007-01-13
Marie-noël,2003-08-18
Valérie,2000-07-18
Táng,2000-12-16
Intéressant,2004-05-10
Marie-ève,2000-10-19
Maëline,2004-06-01
Mélinda,2012-09-17
Chloé,2004-03-07
Ophélie,2014-10-10
Maïwenn,2002-12-13
Josée,2005-07-24
Maïlys,2003-05-10
Clémentine,2015-02-21
Dà,2004-12-24
André,2004-03-21
Maïly,2015-02-13
Maïwenn,2000-04-30
Cloé,2008-07-29
Bérengère,2013-01-09
Camélia,2007-03-04
Néhémie,2015-07-17
Bérénice,2003-11-12
Maëlys,2012-10-29
Médiamass,2002-05-15
Mà,2011-02-27
Pål,2003-06-02
Magdalène,2005-01-14
Néhémie,2010-11-03
Östen,2003-09-17
Bénédicte,2006-04-09
Valérie,2009-04-21
Kuí,2000-12-11
Irène,2015-06-02
Danièle,2000-04-30
Naéva,2014-06-13
Magdalène,2010-06-03
Josée,2015-02-10
Océane,2015-01-15
Laurélie,2004-11-12
Maïwenn,2005-09-25
Sélène,2012-01-03
Yú,2012-07-19
Félicie,2013-10-11
Ruò,2014-07-06
Thérèse,2007-01-17
Torbjörn,2002-08-26
Gwenaëlle,2008-05-09
Mélys,2003-09-16
Françoise,2010-03-27
Kallisté,2006-12-28
Björn,2011-09-17
Françoise,2002-05-20
Mén,2002-01-16
Mahélie,2013-05-11
Loïca,2009-07-15
Jú,2012-09-14
Athéna,2005-10-04
Mégane,2012-06-21
Fèi,2005-06-05
Kuí,2000-12-02
Cécilia,2015-05-12
Séréna,2011-05-05
Laurène,2005-06-07
Liè,2010-09-30
Cléopatre,2009-04-13
Léone,2004-10-20
Jú,2011-12-18
Léane,2008-07-21
Cinéma,2007-03-07
Mélissandre,2011-08-01
Célia,2005-05-14
Mà,2007-11-24
Thérèsa,2005-05-30
Garçon,2010-10-17
Crééz,2007-10-16
Dù,2012-03-23
Joséphine,2012-10-01
Maéna,2011-12-11
Médiamass,2002-02-02
Angélique,2011-03-13
Noëlla,2015-11-12
Gaïa,2007-07-04
Vérane,2012-01-01
Marie-noël,2004-11-28
Daphnée,2008-05-16
Judicaël,2006-07-29
Salomé,2002-02-13
Cloé,2008-07-20
Noémie,2011-03-13
Séverine,2007-04-26
Ruì,2009-03-26
Léa,2009-11-03
Bérangère,2005-02-22
Réservés,2010-09-29
Pò,2014-07-11
Mélys,2002-05-23
Anaëlle,2003-11-02
Léonore,2006-02-27
Maëlla,2008-02-09
Noémie,2007-04-16
Gaïa,2005-10-26
Mahélie,2010-01-29
Frédérique,2011-03-04
Loïca,2011-07-17
Rébecca,2015-09-26
Médiamass,2014-11-25
Maï,2014-10-11
Eloïse,2012-12-01
Léa,2010-05-05
Tú,2007-11-27
Marie-noël,2001-01-03
Maëline,2000-05-11
Marie-ève,2011-08-28
Clélia,2000-11-16
Aimée,2016-02-17
Bénédicte,2010-10-03
Lén,2007-09-01
Nélie,2003-02-28
Märta,2003-01-06
Vérane,2013-04-24
Maëlys,2015-07-17
Irène,2010-01-31
Måns,2012-08-28
Mégane,2004-02-12
Léonore,2012-02-12
Tú,2011-07-31
Audréanne,2001-09-11
Clélia,2013-04-16
Noémie,2012-10-13
Gösta,2011-02-11
Bérénice,2014-04-20
Laïla,2009-10-05
Néhémie,2001-04-15
Agnès,2010-10-15
Wá,2014-05-29
Bérengère,2007-10-22
Stéphanie,2012-10-03
Lucrèce,2013-12-19
Sélène,2006-07-16
Ráo,2007-02-28
Maëlle,2016-01-03
Néhémie,2003-02-10
Maëlyss,2010-06-23
Bécassine,2009-10-29
Yáo,2004-10-01
Andréanne,2008-03-28
Séréna,2009-03-13
Inès,2002-08-13
Aloïs,2008-02-13
Bérengère,2000-09-12
Thérèse,2014-08-08
Faîtes,2004-06-07
Sélène,2015-12-13
Bérangère,2006-02-24
Börje,2004-03-13
Hélène,2006-05-12
Simplifiés,2007-11-10
Mélanie,2012-02-15
Anaëlle,2011-08-12
Léa,2007-09-15
Judicaël,2015-12-21
Mélys,2003-08-18
André,2000-08-05
Maï,2001-04-11
Göran,2007-01-22
Stéphanie,2008-09-18
Lorène,2005-09-17
Loïc,2004-06-09
Gwenaëlle,2013-01-15
Maïwenn,2015-05-14
Noémie,2010-08-22
Åke,2002-10-03
Stévina,2003-10-30
Laïla,2005-05-22
Maéna,2005-12-09
Yè,2014-09-07
Léone,2000-07-13
Cléa,2000-11-20
Sòng,2002-12-08
Maëlann,2011-06-21
Joséphine,2000-08-22
Maïlys,2000-05-22
Bérénice,2007-01-12
Josée,2015-11-23
Åsa,2003-01-08
Mélina,2012-08-21
Clémence,2014-11-13
Naéva,2005-01-21
Séréna,2009-09-21
Yáo,2011-02-17
Åsa,2016-02-07
Wá,2005-07-17
Styrbjörn,2015-09-21
Léone,2014-09-29
Naéva,2012-04-01
Magdalène,2016-02-24
Cinéma,2002-11-05
Rachèle,2006-04-03
Maëline,2001-02-18
Aloïs,2011-05-26
Wá,2006-12-01
Mélodie,2003-02-20
Véronique,2013-05-24
Aí,2011-08-06
Méng,2004-09-29
Maëly,2012-12-23
Eléa,2009-06-07
Frédérique,2001-09-14
Andrée,2004-12-13
Danièle,2001-05-04
Gaëlle,2002-08-12
Inès,2005-12-01
Björn,2004-06-08
Marie-hélène,2010-11-29
Håkan,2006-02-28
Maëlys,2010-08-13
Åsa,2012-08-28
Salomé,2004-03-06
Béatrice,2009-07-20
Estée,2014-02-16
Garçon,2006-01-14
Laurélie,2006-10-04
Rébecca,2011-11-08
Miléna,2014-05-20
Vérane,2006-11-03
Cécile,2010-12-09
Dorothée,2014-02-27
Léone,2001-09-05
Laïla,2012-07-18
Yénora,2006-01-25
Aloïs,2014-04-21
Kuí,2005-07-15
Styrbjörn,2007-02-07
Bérénice,2002-07-31
Eugénie,2010-04-26
Angélique,2005-10-26
Marie-françoise,2005-04-10
Mélia,2000-07-22
Åslög,2003-06-11
Inès,2012-01-14
Aurélie,2013-04-10
Måns,2009-10-07
Zoé,2001-09-01
Cécilia,2013-08-12
Marie-hélène,2015-07-20
Renée,2001-08-13
Mélissandre,2002-07-10
Célia,2012-03-28
Mylène,2005-07-31
Åslög,2014-10-14
Esbjörn,2013-08-24
Gösta,2004-12-12
Méng,2014-02-06
Michèle,2002-04-27
Adèle,2012-08-15
Lorène,2011-02-06
Bécassine,2005-06-03
Lóng,2001-12-12
Nuó,2012-12-18
Gérald,2000-07-18
Audréanne,2002-07-09
Vénus,2000-06-19
Maïlis,2004-12-02
Maï,2010-07-20
Naéva,2008-05-01
Judicaël,2013-06-10
Lén,2015-07-10
Adèle,2012-03-30
Maëlla,2009-04-21
Kuí,2008-07-17
Yáo,2013-08-01
Léane,2003-06-19
Régine,2007-09-25
Estève,2007-07-20
Clémence,2003-06-24
Mélodie,2008-09-10
Danièle,2009-12-05
Lucrèce,2000-11-06
Marlène,2013-12-28
Eloïse,2007-12-19
Stéphanie,2009-05-17
Aloïs,2010-08-05
Noémie,2013-07-19
Inès,2005-11-06
Kallisté,2005-12-24
Thérèsa,2002-01-02
Marylène,2004-08-21
Lóng,2007-07-07
Alizée,2012-05-12
Cléopatre,2011-06-11
Angélique,2014-03-03
Noëlla,2013-06-11
Adèle,2008-02-16
Edmée,2004-03-04
Marie-noël,2005-02-06
Andrée,2011-12-27
Laïla,2009-03-16
Clélia,2007-07-14
Nélie,2011-10-09
Marie-noël,2002-05-20
Océane,2008-05-08
Nadège,2000-10-02
Maëlys,2002-04-20
Garçon,2004-08-14
Marie-ève,2011-03-04
Joséphine,2000-12-04
Frédérique,2008-09-11
Athéna,2000-04-04
Mélinda,2000-04-01
Kuí,2003-08-09
Béatrice,2008-12-25
Léa,2007-02-01
Anaïs,2001-02-10
Rébecca,2014-03-07
Maëly,2014-01-23
Annotés,2012-12-26
Clémentine,2007-03-14
Rébecca,2010-05-31
Wá,2010-12-03
Uò,2007-06-12
Adélie,2015-07-20
Marie-thérèse,2006-09-01
Annotés,2003-08-26
Médiamass,2011-07-07
Laïla,2009-03-21
Zhì,2012-10-17
Åsa,2009-02-12
Lyséa,2005-09-29
Andréanne,2000-12-30
Gwenaëlle,2014-08-03
Anaël,2012-12-22
Cécilia,2012-05-29
Léone,2010-04-10
Alizée,2016-02-12
Marie-françoise,2002-08-16
Måns,2004-11-22
Estève,2011-02-23
Camélia,2012-05-10
Anaël,2003-08-01
Méghane,2002-03-08
Illustrée,2008-11-19
Mahélie,2013-05-26
Lóng,2001-06-20
Océane,2001-07-21
Simplifiés,2001-09-23
André,2005-12-02
Andrée,2014-08-17
Anaël,2003-11-25
Sòng,2008-08-17
Maëlle,2002-10-10
Aurélie,2003-06-08
Dù,2001-05-08
Mahélie,2004-07-07
Tán,2011-07-21
Cinéma,2005-02-21
Noëlla,2000-09-22
Torbjörn,2010-12-31
Anaëlle,2014-07-24
Marie-françoise,2005-01-15
Inès,2005-03-07
Clélia,2000-07-19
Marie-françoise,2012-03-18
Céline,2007-06-07
Angélique,2011-02-03
Marie-thérèse,2001-09-13
Célia,2013-04-06
Personnalisée,2003-05-27
Lyséa,2012-08-17
Marie-noël,2004-08-11
Maëlann,2003-07-06
Léane,2006-04-21
Eliès,2012-08-09
Erwéi,2006-09-19
Bérangère,2006-06-03
Cécile,2010-03-02
Ráo,2008-09-29
Lauréna,2010-09-30
Joséphine,2000-10-04
Zoé,2006-12-13
Gaëlle,2004-12-21
Lóng,2003-02-23
Anaëlle,2010-02-19
Pélagie,2010-12-03
Ruò,2005-06-10
Angèle,2012-08-21
Yè,2011-05-04
Kallisté,2001-09-18
Publicité,2001-06-18
Félicie,2007-08-08
Göran,2005-12-23
Jú,2002-12-27
Pò,2005-09-04
Wá,2004-10-28
Marie-josée,2002-10-12
André,2004-01-15
Marie-thérèse,2001-05-30
Renée,2001-12-23
Torbjörn,2012-10-29
Marie-josée,2002-11-26
Marie-thérèse,2011-10-27
Esbjörn,2014-11-14
Intéressant,2015-06-07
Garçon,2005-06-28
Ophélie,2004-01-24
Mà,2008-07-21
Athéna,2003-05-17
Gaïa,2016-03-07
Lucrèce,2005-04-13
Maïwenn,2010-12-02
Gaétane,2015-03-14
Valérie,2000-06-18
Yóu,2002-07-18
Lorène,2012-07-25
Zoé,2001-09-05
Mégane,2006-10-11
Pò,2012-07-16
Mylène,2008-06-20
Tú,2001-04-30
Hélèna,2001-04-25
Joséphine,2007-07-09
Yáo,2014-01-30
Bérengère,2001-04-25
Rachèle,2000-05-02
Audréanne,2006-11-24
Maëline,2015-10-18
Eléa,2015-07-17
Alizée,2006-11-24
Liè,2004-01-11
Cléopatre,2006-02-21
Régine,2002-08-23
Táng,2014-05-14
Amélie,2011-04-27
Séverine,2004-05-08
Anaïs,2000-11-16
Pål,2015-03-16
Célia,2008-05-29
Björn,2007-08-25
Måns,2006-12-02
Cloé,2003-09-17
Pò,2013-04-21
Réjane,2006-06-22
Laïla,2006-10-09
Léana,2013-08-31
Méline,2005-05-30
Yénora,2005-06-08
Maëlys,2002-05-08
Åslög,2000-04-18
Simplifiés,2007-10-19
Géraldine,2014-08-22
Mahélie,2015-05-13
Mén,2014-03-22
Séverine,2013-04-23
Måns,2003-12-25
Mélinda,2001-06-22
Vérane,2012-04-19
Cléopatre,2009-09-04
Lorène,2010-05-24
Dà,2004-06-15
Mélia,2006-04-24
Mélia,2015-11-01
Danièle,2012-10-15
Simplifiés,2004-04-16
Eugénie,2011-11-11
Michèle,2014-09-25
Rébecca,2014-11-05
Lén,2002-11-16
Réjane,2013-07-03
Marie-josée,2012-04-24
Maïwenn,2014-05-19
Thérèsa,2008-05-25
Inès,2005-03-30
Médiamass,2000-04-14
Cléa,2001-04-18
Mélia,2003-11-06
Sòng,2007-08-17
Börje,2003-05-07
Béatrice,2007-03-09
Thérèsa,2015-03-22
Eliès,2014-07-29
Méng,2004-11-26
Amélie,2005-10-13
Maëlyss,2010-05-04
Görel,2006-04-06
Gisèle,2005-05-16
Béatrice,2009-08-14
Loïs,2010-11-26
Gaétane,2011-08-25
Réservés,2006-09-01
Gaétane,2012-06-24
Geneviève,2014-02-03
Örjan,2015-05-28
Eloïse,2014-04-16
Aí,2002-01-08
Mélia,2000-10-11
Mårten,2014-12-24
Lài,2000-08-28
Dafnée,2008-02-21
Crééz,2004-10-30
Eloïse,2001-11-07
Ruì,2002-06-21
Gisèle,2012-01-06
Tán,2012-09-23
Laïla,2012-05-20
Lucrèce,2009-06-06
Mélina,2002-03-14
Gisèle,2014-04-28
Aí,2014-12-29
Léa,2002-04-11
Joséphine,2003-07-08
Méghane,2003-03-04
Lorène,2000-03-22
Zhì,2001-07-06
Personnalisée,2005-06-03
Faîtes,2005-05-18
Marie-ève,2015-06-07
Ráo,2011-04-29
Kévina,2002-01-12
Bérénice,2012-01-31
Chloé,2013-08-13
Dù,2015-01-03
Méline,2000-05-23
Andréanne,2009-11-20
Tú,2012-12-25
Gwenaëlle,2002-06-25
Göran,2000-03-15
Laïla,2004-07-19
Dorothée,2015-08-17
Personnalisée,2012-11-23
Mårten,2010-12-17
Méline,2003-12-27
Cunégonde,2006-02-26
Méthode,2006-12-23
Anaé,2015-03-15
Hélèna,2008-10-10
Tán,2010-03-05
Cloé,2012-05-05
Naëlle,2015-07-09
Céline,2007-07-16
Fèi,2014-02-23
Andrée,2011-03-26
Göran,2010-01-15
Cécile,2013-01-11
Célestine,2012-12-24
Mégane,2015-03-05
Dorothée,2007-08-04
Eliès,2006-12-23
Laïla,2015-12-21
Görel,2008-10-04
Nadège,2006-12-27
Zoé,2002-01-25
Loïca,2007-08-16
Hélène,2015-06-27
Dorothée,2003-12-17
Uò,2010-10-04
Médiamass,2010-06-21
Aimée,2003-10-14
Esbjörn,2000-08-20
Stévina,2009-06-10
Réjane,2013-08-28
Régine,2004-02-13
Anaïs,2008-06-04
Sélène,2003-07-20
Renée,2013-07-03
Mélia,2011-07-04
Noémie,2005-10-22
Mélissandre,2008-05-06
Dafnée,2004-07-20
Méng,2009-04-01
Ruò,2014-05-09
Håkan,2002-01-23
Réjane,2007-10-12
Hélène,2012-07-22
Sòng,2014-07-28
Pål,2004-04-28
Tán,2004-11-06
Aí,2013-11-22
Estée,2003-12-07
Audréanne,2005-09-20
Léana,2002-01-20
Edmée,2011-12-04
Clémence,2006-12-19
Åke,2015-12-15
Véronique,2000-06-09
Aurélie,2012-04-11
Thérèse,2007-01-15
Tú,2009-01-05
Mårten,2012-10-16
Annotés,2003-03-14
Amélie,2008-03-15
Åke,2002-09-04
Yú,2014-01-08
Annotée,2002-12-01
Marie-françoise,2003-06-01
Marie-josée,2001-06-20
Marie-ève,2015-03-06
Adélaïde,2011-01-08
Uò,2011-04-07
Daphnée,2000-05-30
Vénus,2001-06-28
Géraldine,2011-06-21
Thérèse,2009-07-01
Méryl,2014-04-05
Nadège,2013-08-23
Stévina,2004-11-20
Stéphanie,2007-02-18
Béatrice,2015-01-14
Cléopatre,2003-02-25
Mélodie,2002-03-06
Mélys,2011-06-13
Mélodie,2015-04-06
Ruò,2008-08-19
Kuí,2009-04-27
Léonie,2005-01-13
Marie-françoise,2005-08-01
Mélodie,2011-07-08
Irène,2008-03-09
Estée,2011-04-12
Dorothée,2007-12-17
Thérèsa,2004-12-03
Léonore,2009-11-25
Uò,2005-08-25
Maï,2002-11-21
Bénédicte,2013-03-23
Yóu,2011-08-01
Régine,2011-10-02
Anaël,2014-03-16
Cécilia,2000-10-01
Cécilia,2010-03-26
Maëlann,2011-01-27
Léonore,2008-04-18
Léane,2005-06-02
Personnalisée,2005-06-19
Mélys,2009-08-12
Wá,2006-08-15
Marylène,2010-07-25
Thérèsa,2011-06-23
Mårten,2012-06-01
Océanne,2012-07-28
Sòng,2015-03-30
Pål,2005-05-30
Táng,2005-07-13
Zhì,2004-12-28
Nuó,2015-09-16
Séverine,2008-02-06
Maëlla,2012-06-15
Anaël,2015-03-08
Personnalisée,2005-09-27
Maëlann,2000-03-30
Méthode,2005-05-10
Néhémie,2006-08-03
Maëlann,2003-11-03
Irène,2008-12-09
Amélie,2008-01-21
Mahélie,2013-05-08
Michèle,2011-01-11
Cunégonde,2002-09-10
Mélina,2010-04-05
Marie-hélène,2008-03-17
Marie-ève,2002-08-01
Adélaïde,2015-05-30
Aí,2014-06-11
Anaëlle,2008-03-07
Björn,2003-08-27
Zoé,2001-08-22
Loïca,2002-11-08
Eliès,2007-06-09
Aurélie,2002-12-26
Cunégonde,2001-06-21
Léana,2011-03-20
Yú,2006-11-01
Zhì,2008-04-28
Angélique,2015-10-08
Sòng,2004-09-09
Loïs,2011-05-16
Mélodie,2012-01-20
Mélina,2014-12-06
Mélina,2002-06-21
Eléonore,2015-06-10
Liè,2000-06-27
Zoé,2006-02-12
Simplifiés,2007-07-18
Göran,2008-06-23
Nuó,2004-06-28
Loïca,2001-03-28
Gaïa,2015-05-31
Marie-ève,2016-01-09
Nadège,2005-08-30
Gaëlle,2013-10-13
Ophélie,2001-06-20
Ruì,2009-12-23
Bérengère,2015-10-11
Almérinda,2010-12-21
Clélia,2004-04-18
Angélique,2015-07-18
Audréanne,2015-05-13
Cloé,2001-09-09
Maëlys,2010-07-22
Desirée,2004-07-21
Méthode,2015-01-09
Régine,2004-11-08
Mylène,2012-02-24
Rébecca,2010-04-29
Dafnée,2001-01-04
Françoise,2008-06-08
Esbjörn,2011-02-26
Réservés,2008-11-18
Lài,2012-03-08
Pò,2007-11-12
Eléonore,2000-11-28
Mylène,2011-06-09
Bérénice,2009-10-03
Andréa,2012-09-20
Crééz,2010-09-16
Nadège,2014-10-30
Lucrèce,2012-07-27
Méryl,2014-05-21
Mélys,2010-12-16
Irène,2009-02-04
Mélina,2009-05-04
Gaëlle,2015-01-11
Andréanne,2010-12-23
Gösta,2003-05-24
Eléonore,2008-04-04
Lorène,2004-02-01
Stévina,2003-10-14
Clémence,2012-08-22
Aimée,2008-10-10
Pò,2000-12-21
Lóng,2006-04-07
Mélanie,2000-12-06
Marie-hélène,2015-08-07
Ruò,2014-09-07
Mélanie,2009-01-31
Thérèsa,2000-12-20
Eugénie,2002-05-15
Mélodie,2014-02-03
Estée,2013-01-26
Marie-thérèse,2004-10-23
Maëlle,2008-04-20
Cécilia,2008-06-24
Vérane,2006-03-03
Göran,2009-05-03
Lyséa,2010-03-05
Audréanne,2004-02-10
Océane,2013-07-02
Angélique,2012-07-26
Méline,2004-10-20
Ophélie,2007-12-08
Mélinda,2013-08-30
Mélodie,2012-08-28
Ruò,2005-09-05
Kallisté,2010-10-16
Personnalisée,2014-11-23
Laïla,2014-02-15
Anaïs,2006-12-15
Táng,2007-08-10
Östen,2010-04-29
Marie-josée,2000-08-15
Véronique,2007-07-29
Judicaël,2011-06-28
Miléna,2013-09-03
Bécassine,2003-02-01
Kévina,2010-02-22
Anaëlle,2014-10-17
Léonie,2011-06-24
Anaïs,2004-06-10
Marie-thérèse,2011-07-30
Rébecca,2003-08-26
Noémie,2009-09-07
Pò,2002-10-12
Pål,2015-09-24
Chloé,2007-12-02
Yú,2013-12-05
Östen,2001-03-18
Miléna,2003-11-30
Marie-noël,2001-03-19
Adèle,2015-03-13
Fèi,2011-05-03
Maïwenn,2009-07-10
Eloïse,2016-02-26
Naëlle,2004-10-28
Méryl,2009-12-28
Lóng,2005-04-08
Ruò,2004-06-25
Vérane,2010-07-10
Anaëlle,2012-05-27
Bécassine,2013-05-25
Danièle,2005-07-21
Mélodie,2008-10-11
Anaé,2010-04-07
Örjan,2009-04-10
Angèle,2012-08-22
Mà,2015-03-06
Marie-ève,2012-08-02
Eugénie,2008-06-11
Béatrice,2012-04-27
Maëlla,2015-10-07
Mélissandre,2007-04-23
Fèi,2010-04-27
Laïla,2001-08-24
Marie-josée,2011-10-19
Renée,2010-05-27
Amélie,2012-11-05
Sòng,2003-07-04
Björn,2002-01-14
Maïly,2009-01-22
Méryl,2001-03-30
Audréanne,2016-02-18
Dorothée,2007-12-12
Fèi,2000-10-06
Pò,2015-08-07
Laïla,2005-08-05
Marlène,2001-10-07
Mélina,2010-12-04
Maëlys,2000-07-14
Mélodie,2014-10-03
Estève,2013-12-30
Maéna,2008-02-25
Athéna,2013-07-29
Clémentine,2013-09-27
Angélique,2004-04-26
Göran,2010-12-28
Marlène,2009-01-17
Annotés,2004-12-23
Eloïse,2011-12-24
Maïté,2001-11-15
Léana,2004-10-14
Angèle,2004-09-26
Salomé,2011-04-03
Gisèle,2006-06-25
Frédérique,2014-02-16
Maéna,2009-06-30
Valérie,2011-11-05
Rébecca,2001-08-09
Médiamass,2012-04-17
Clélia,2002-09-20
Mélia,2008-10-29
Adèle,2015-02-14
Marie-noël,2004-05-24
Yénora,2005-06-16
Örjan,2008-08-02
Edmée,2006-07-13
Léandre,2007-10-22
Kévina,2009-08-30
Maïté,2003-11-19
Stévina,2005-05-08
Aloïs,2004-12-09
Célestine,2012-06-27
Kallisté,2013-05-13
Crééz,2005-09-11
Desirée,2008-05-08
Adélaïde,2010-10-07
Publicité,2008-01-23
Néhémie,2013-09-28
Marlène,2014-01-19
Erwéi,2008-10-09
Pénélope,2012-03-15
Frédérique,2006-06-30
Françoise,2013-03-19
André,2011-05-14
Josée,2014-08-02
Aí,2009-06-25
Clélia,2014-05-02
Adélie,2014-11-09
Céline,2005-10-04
Nuó,2011-07-17
Mélanie,2007-05-21
Pål,2015-09-17
Cunégonde,2005-09-11
Annotée,2008-06-11
Andrée,2007-12-31
Dafnée,2002-03-17
Maëly,2005-02-05
Eliès,2000-06-17
Zoé,2011-03-28
Lóng,2001-05-10
Wá,2000-08-10
Léa,2013-01-06
Audréanne,2009-02-11
Bérangère,2016-02-08
Lauréna,2010-07-20
Uò,2002-08-17
Dafnée,2001-01-26
Maïwenn,2004-05-21
Léonore,2005-05-26
Publicité,2002-12-15
Félicie,2005-03-16
Réjane,2005-04-29
Cléa,2000-07-23
Kallisté,2001-03-19
Andrée,2009-01-09
Aurélie,2008-12-10
Clémence,2007-03-26
Angèle,2015-02-23
Lóng,2008-09-29
Börje,2000-11-17
Eloïse,2005-03-15
Torbjörn,2004-01-29
Solène,2005-08-30
Mélia,2006-10-06
Eléa,2006-03-07
Åke,2004-02-08
Vérane,2008-12-05
Réjane,2000-12-22
Mélia,2008-08-16
Aimée,2014-10-19
Adèle,2005-12-08
Bécassine,2007-08-25
Styrbjörn,2003-01-01
Maëlys,2003-02-08
Véronique,2013-06-01
Måns,2009-07-04
Mélodie,2005-09-23
Mélodie,2003-11-14
Judicaël,2014-08-28
Uò,2013-10-21
Pò,2005-10-30
Eugénie,2000-06-28
Michèle,2002-09-24
Renée,2006-10-16
Almérinda,2003-11-01
Kuí,2006-12-01
Maïlis,2015-10-31
Esbjörn,2000-12-02
Maïlis,2012-03-15
Lèi,2009-07-10
Yóu,2003-08-10
Mélodie,2007-06-05
Audréanne,2009-05-24
Marie-thérèse,2002-11-04
Cléa,2009-07-12
Léandre,2014-06-27
Maïly,2013-01-19
Loïc,2015-06-26
Cinéma,2007-03-19
Marie-ève,2002-04-03
Noémie,2002-12-30
Anaé,2014-01-19
Naéva,2007-07-15
Nuó,2009-03-28
Pål,2007-09-19
Maëline,2013-03-09
Mélinda,2012-01-14
Ophélie,2003-08-02
Kù,2011-05-19
Crééz,2001-08-29
Maëlyss,2007-10-08
Pò,2007-01-14
Aí,2011-02-27
Magdalène,2009-05-01
Lorène,2004-02-10
Mélys,2002-10-05
Angélique,2011-02-17
Björn,2004-09-17
Magdalène,2008-09-25
Lèi,2009-10-05
Marie-françoise,2003-08-11
Personnalisée,2008-04-12
Ruì,2000-05-04
Uò,2011-01-29
Göran,2011-02-01
Séréna,2013-10-16
Torbjörn,2003-03-30
Kallisté,2016-02-18
Ruò,2003-01-18
Björn,2003-09-14
Céline,2015-10-07
Tú,2014-05-31
Maëly,2000-09-02
Nuó,2005-01-18
Björn,2002-12-18
Thérèsa,2005-06-24
Wá,2015-02-20
Edmée,2000-04-17
Eloïse,2008-11-15
Åsa,2015-08-14
Méthode,2014-02-24
Hélèna,2007-04-08
Görel,2003-12-25
Dorothée,2014-04-27
Liè,2001-12-02
Athéna,2011-11-21
Maëlys,2000-07-27
Eugénie,2009-08-20
Cinéma,2011-07-06
Gaëlle,2004-06-02
Réjane,2002-09-07
Marlène,2002-05-18
Inès,2009-01-17
Mégane,2014-02-17
Inès,2004-10-29
Göran,2014-04-07
Géraldine,2012-10-10
Réservés,2012-10-16
Desirée,2011-04-19
Gaétane,2008-01-02
Nuó,2007-04-15
Anaël,2005-01-10
Gwenaëlle,2008-12-14
Mà,2010-04-07
Véronique,2013-09-25
Simplifiés,2012-06-21
Faîtes,2004-06-14
Cécile,2014-07-18
Yè,2000-07-28
Maïlis,2008-01-27
Léa,2010-01-29
Maïwenn,2003-02-20
Anaël,2000-07-10
Maëlla,2006-01-20
André,2011-10-20
Léonore,2008-11-23
Kallisté,2014-06-11
Renée,2010-08-16
Séverine,2011-01-02
Méthode,2010-06-15
Håkan,2008-09-24
Mégane,2008-02-04
Dorothée,2009-09-21
Maëlyss,2005-10-13
Mélina,2015-12-05
Jú,2004-03-23
Adélaïde,2005-12-12
Mahélie,2000-04-08
Angèle,2000-11-13
Audréanne,2014-04-24
Jú,2012-01-25
Gaëlle,2015-11-16
Réservés,2015-09-26
Dà,2000-07-07
Pål,2002-03-19
Nélie,2001-12-25
Rébecca,2013-12-27
Maéna,2007-09-25
Jú,2008-02-25
Dafnée,2007-05-04
Bécassine,2009-04-22
Kù,2009-04-07
Yáo,2013-11-12
Lorène,2005-03-25
Pélagie,2015-12-26
Håkan,2012-03-13
Pélagie,2012-10-30
Marylène,2001-06-02
Esbjörn,2010-03-19
Salomé,2005-10-21
Maëlyss,2001-01-31
Mélanie,2004-12-21
Cloé,2011-03-21
Görel,2004-10-07
Agnès,2000-04-22
Gaëlle,2001-03-25
Rébecca,2003-07-29
Styrbjörn,2007-05-19
Félicie,2001-06-29
Audréanne,2014-10-31
Maëlla,2002-02-22
Kuí,2011-09-24
Médiamass,2010-12-23
Mahélie,2003-09-05
Måns,2011-11-21
Loïca,2004-12-19
Océane,2001-05-28
Estée,2000-11-18
Liè,2009-03-14
Léonore,2003-08-27
Bérangère,2008-11-07
Léane,2003-12-17
Ráo,2002-10-02
Valérie,2005-11-12
Intéressant,2000-07-26
Lyséa,2006-01-05
Adèle,2014-10-04
Chloé,2008-11-14
Rachèle,2008-03-07
Noëlla,2006-06-02
Maïwenn,2009-03-13
Aí,2005-04-07
Léa,2015-12-02
Örjan,2005-01-14
Zoé,2012-10-27
Marlène,2008-07-20
Alizée,2010-10-02
Maïwenn,2001-11-23
Loïca,2011-11-27
Gaëlle,2012-01-03
Esbjörn,2003-03-15
Audréanne,2015-12-28
Thérèsa,2009-06-13
Göran,2011-09-15
Méryl,2013-02-26
Lorène,2002-12-04
Océane,2008-01-08
Edmée,2004-07-14
Angèle,2007-03-04
André,2014-09-27
Mégane,2011-08-16
Marie-ève,2008-05-02
Gaïa,2014-05-08
Eugénie,2003-11-14
Naéva,2014-04-29
Yè,2007-12-04
Aloïs,2000-04-17
Clémentine,2005-08-17
Salomé,2007-02-08
Laïla,2006-01-27
Françoise,2002-08-25
Cléa,2003-09-13
Garçon,2010-09-06
Laïla,2001-07-21
Mélia,2009-10-22
Cécile,2002-08-08
Håkan,2013-07-05
Maëlle,2016-01-09
Adélaïde,2014-04-29
Mélanie,2003-05-28
Dà,2007-07-19
Sòng,2011-01-05
Hélène,2014-01-03
Bérengère,2003-11-07
Maï,2005-01-12
Mélanie,2002-10-08
Pål,2002-10-12
Stévina,2014-06-05
Marlène,2002-11-13
Adélie,2013-04-05
Frédérique,2004-02-28
Marie-ève,2016-01-28
Maïly,2012-03-24
Adèle,2012-04-04
Danièle,2008-12-10
Maéna,2009-09-29
Laurène,2016-03-07
Gwenaëlle,2003-04-04
Kuí,2005-05-19
Méryl,2009-06-21
Léa,2003-08-08
Marie-hélène,2014-08-21
Mélanie,2009-09-17
Lén,2009-05-04
Annotée,2010-03-23
Örjan,2010-05-11
Eléa,2006-12-27
Maëlys,2011-04-07
Tán,2011-06-09
Adèle,2010-06-18
Vénus,2011-05-25
Edmée,2014-07-31
Pò,2008-01-23
Cléa,2004-05-16
Léandre,2006-09-03
Andréa,2004-06-13
Réservés,2000-07-24
Anaël,2011-10-10
Marie-noël,2012-03-24
Publicité,2007-05-21
Naéva,2014-06-29
Valérie,2014-05-25
Kévina,2004-04-28
Hélène,2005-07-17
Esbjörn,2006-02-10
Liè,2002-09-15
Gaétane,2002-07-19
Thérèse,2013-06-08
Chloé,2011-08-16
Yú,2003-11-09
Marylène,2005-08-02
Dà,2009-05-18
Adélie,2004-12-19
Marylène,2004-01-28
Eléonore,2009-07-27
Estée,2008-03-25
Clémence,2014-10-16
Solène,2010-11-18
Andrée,2016-03-04
Françoise,2000-08-08
Véronique,2013-05-20
Mélia,2008-07-07
Gisèle,2008-04-14
Yóu,2011-04-04
Marylène,2014-12-16
Mà,2002-04-18
Chloé,2015-03-09
Béatrice,2008-06-13
Athéna,2002-07-15
Rébecca,2012-09-06
Marie-ève,2010-04-29
Maïly,2000-08-02
Anaël,2015-09-01
Simplifiés,2012-01-07
Mahélie,2014-11-11
Lucrèce,2012-03-22
Dù,2011-06-11
Zhì,2011-10-07
Göran,2008-04-28
Célia,2006-05-17
Naéva,2010-01-18
Simplifiés,2003-12-08
Dà,2011-09-26
Åslög,2010-01-07
Danièle,2006-12-25
Yè,2003-11-28
Lèi,2014-10-06
Ráo,2010-07-14
Camélia,2007-08-02
Méthode,2010-09-03
Mélina,2007-03-05
Marie-hélène,2010-07-24
Hélèna,2003-10-21
Mårten,2007-11-03
Cunégonde,2014-06-18
Clémentine,2003-03-09
Börje,2007-02-09
Angélique,2008-05-01
Adèle,2014-10-02
Amélie,2012-10-11
Mà,2007-05-15
Lài,2009-05-10
Östen,2004-09-03
Maïlys,2006-11-26
Aí,2009-10-01
Björn,2015-10-23
Séréna,2009-08-20
Hélène,2001-12-06
Clémence,2011-08-16
Wá,2001-08-23
Erwéi,2001-10-02
Mélanie,2013-07-31
Anaëlle,2014-11-28
Maëlle,2013-01-30
Régine,2015-11-23
Néhémie,2010-03-24
Håkan,2005-09-02
Estée,2002-05-23
Maëlla,2006-08-24
Märta,2008-10-25
Görel,2000-04-16
Maïlis,2002-06-10
Mégane,2012-06-02
Anaël,2001-05-29
Marie-ève,2009-06-01
Cinéma,2010-08-23
Bérengère,2002-07-29
Clélia,2007-12-21
Maïté,2015-12-30
Ruò,2011-02-02
Maëlle,2004-08-13
Rébecca,2001-06-21
Nélie,2003-04-23
Mélinda,2001-03-14
Daphnée,2005-03-22
Maëlla,2005-11-28
Magdalène,2009-10-25
Eléa,2006-06-23
Léana,2002-10-29
Régine,2008-11-17
Táng,2013-12-03
Bérénice,2002-12-16
Mélia,2011-02-21
Rébecca,2001-11-03
Maéna,2000-08-12
Clélia,2002-07-30
Mélissandre,2000-07-26
Marie-françoise,2010-04-20
Réjane,2009-03-04
Eléa,2005-01-10
Fèi,2015-06-28
Intéressant,2012-09-30
Gisèle,2014-12-29
Eliès,2014-09-05
Clémence,2004-07-13
Cloé,2010-04-11
Lauréna,2007-03-26
Desirée,2014-06-04
Rébecca,2012-03-16
Maëly,2007-12-05
Ophélie,2003-07-28
Nuó,2003-07-21
Athéna,2006-12-28
Kallisté,2007-12-28
Eléa,2010-12-08
Méline,2015-04-28
Cloé,2007-04-28
Mélodie,2009-10-28
Mahélie,2015-03-26
Véronique,2009-08-19
Yè,2014-11-08
Daphnée,2002-08-09
Salomé,2001-03-16
Pò,2011-01-23
Françoise,2002-12-06
Mélissandre,2003-04-11
Mélia,2003-11-17
Håkan,2009-02-02
Mylène,2003-03-31
Noëlla,2007-07-13
Wá,2001-05-08
Görel,2009-07-22
Táng,2009-07-12
Mà,2000-07-18
Néhémie,2013-08-23
Marie-hélène,2005-06-25
Danièle,2010-12-12
Marie-noël,2002-11-05
Andréanne,2007-02-05
Garçon,2011-01-19
Mén,2004-04-23
Maïly,2011-01-09
Gwenaëlle,2003-03-19
Åsa,2005-11-02
Adèle,2006-05-03
Rachèle,2015-03-10
Illustrée,2009-04-23
Maï,2006-06-21
Publicité,2000-07-03
Mélia,2004-04-06
Nélie,2008-12-08
Noémie,2007-09-26
Dà,2005-02-13
Mélia,2004-01-26
Cloé,2005-12-19
Görel,2004-04-15
Maëlla,2005-06-26
Célestine,2010-10-02
Pò,2010-10-14
Gwenaëlle,2002-08-09
Personnalisée,2007-11-08
Céline,2013-07-06
Léandre,2011-07-17
Aí,2008-09-28
Mélina,2001-07-08
Göran,2009-10-19
Léone,2016-02-15
Åsa,2014-02-28
Rachèle,2006-11-14
Angélique,2013-03-16
Laurène,2008-02-22
Håkan,2005-12-15
Kuí,2002-08-21
Crééz,2004-07-15
Bérangère,2004-01-11
Athéna,2007-03-24
Léa,2004-12-29
Vénus,2013-01-27
Stévina,2007-09-20
Josée,2013-06-11
Naéva,2004-09-29
Åsa,2001-03-31
Cunégonde,2007-05-05
Néhémie,2011-06-05
Marlène,2000-05-13
Ruò,2015-12-29
Camélia,2002-06-21
Garçon,2005-06-10
Simplifiés,2013-06-20
Simplifiés,2003-01-21
Céline,2006-02-08
Méline,2013-04-20
Lorène,2000-08-26
Agnès,2009-11-23
Félicie,2013-07-07
Lèi,2010-01-09
Amélie,2013-01-14
Östen,2011-04-07
Maëly,2008-07-08
Gaëlle,2001-12-18
Ophélie,2001-11-19
Vérane,2006-12-13
Marie-ève,2003-07-19
Maéna,2010-12-21
Clémence,2010-07-10
Intéressant,2006-07-30
Jú,2004-09-01
Célia,2007-01-16
Lài,2009-04-05
Maëlann,2002-12-13
Ruò,2014-12-18
Cinéma,2000-12-17
Estève,2000-05-30
Annotée,2008-05-31
Léonie,2004-07-18
Maëlyss,2003-03-24
Bérénice,2009-10-14
Françoise,2007-07-21
Miléna,2004-02-02
Styrbjörn,2007-02-05
Néhémie,2002-11-28
Styrbjörn,2013-08-31
Chloé,2009-09-11
Bérengère,2002-12-15
Joséphine,2002-11-01
Desirée,2010-11-13
Angélique,2007-11-22
Lóng,2009-04-21
Thérèse,2004-02-01
Cinéma,2003-02-27
Mégane,2014-05-07
Åke,2015-03-22
Maëlys,2012-03-21
Mahélie,2010-11-17
Göran,2001-12-09
Léa,2008-05-02
Maëly,2008-09-02
Mélinda,2001-02-09
Séverine,2015-09-05
André,2003-03-19
Noëlla,2000-07-10
Lucrèce,2013-12-04
Méng,2006-02-05
Célestine,2010-08-09
Yénora,2008-04-08
Mylène,2011-09-26
Åke,2010-08-15
Agnès,2000-09-10
Mylène,2012-12-14
Yénora,2009-05-08
Loïs,2014-07-29
Amélie,2006-07-11
Marie-hélène,2014-10-23
Cécilia,2014-07-11
Faîtes,2011-07-29
Cunégonde,2009-10-07
Yáo,2008-01-12
Cléa,2001-10-02
Adélie,2014-07-24
Börje,2009-01-11
Sélène,2001-01-27
Réservés,2003-05-31
Mylène,2010-01-03
Måns,2004-04-25
Léonie,2014-05-22
Cléa,2012-12-24
Cléa,2007-04-26
Réservés,2004-01-11
Göran,2001-09-01
Örjan,2013-01-30
Kù,2003-10-30
Desirée,2015-09-30
Zoé,2001-05-04
Léandre,2013-12-03
Cloé,2011-01-21
Örjan,2011-01-28
Mylène,2014-10-23
Cloé,2004-04-06
Bécassine,2008-09-16
Mélanie,2002-09-05
Marie-thérèse,2010-03-31
Dorothée,2004-02-08
Céline,2003-06-03
Lauréna,2014-04-22
Noémie,2013-09-01
Sòng,2014-11-28
Félicie,2004-07-26
Réservés,2006-02-26
Maëlyss,2000-12-21
Réjane,2007-04-09
Tán,2013-04-08
Cunégonde,2013-10-04
Angèle,2014-04-13
Mélys,2007-08-04
Salomé,2011-06-20
Fèi,2003-05-26
Alizée,2008-03-27
Clélia,2013-03-03
Bérengère,2002-06-23
Naëlle,2003-05-23
Laïla,2013-04-05
Néhémie,2012-08-15
Cléopatre,2015-09-30
Östen,2013-07-01
Loïs,2004-01-26
Joséphine,2004-10-15
Daphnée,2003-11-02
Miléna,2003-07-04
Séverine,2013-01-07
Maëlyss,2002-08-16
Inès,2001-01-12
Agnès,2013-04-27
Maëly,2012-03-24
Stévina,2005-07-21
Mélys,2011-04-07
Naéva,2013-07-27
Örjan,2015-05-02
Aimée,2006-10-28
Eloïse,2015-05-10
Cécile,2005-06-18
Méthode,2012-02-01
Naëlle,2014-04-22
Gaïa,2002-05-12
Athéna,2005-10-01
Cinéma,2004-12-20
Laurélie,2009-06-01
Judicaël,2004-03-31
Sélène,2001-07-16
Clélia,2014-12-08
Mélinda,2005-06-06
Cloé,2012-02-09
Göran,2005-03-04
Léonie,2006-11-01
Marie-noël,2002-03-01
Yè,2014-07-27
Géraldine,2003-02-22
Marlène,2009-03-23
Anaëlle,2004-01-26
Méghane,2008-10-01
Mélinda,2003-04-12
Måns,2008-05-08
Dù,2003-12-22
Angélique,2013-03-19
Maëline,2002-04-04
Annotée,2001-03-04
Maïwenn,2013-11-27
Véronique,2003-06-27
Méthode,2001-08-03
Judicaël,2004-11-16
Erwéi,2014-08-03
Maïlis,2005-01-08
Yè,2013-03-28
Mégane,2003-11-24
Félicie,2009-04-02
Anaël,2011-03-07
Josée,2013-08-29
Maëlle,2006-02-14
Salomé,2002-10-24
Yáo,2016-02-04
Célestine,2006-08-14
Daphnée,2012-08-18
Erwéi,2011-07-17
Marie-françoise,2015-12-14
Åsa,2015-10-22
Léandre,2006-12-14
Célia,2001-08-07
Géraldine,2009-10-04
Maéna,2012-11-03
Maïlys,2009-03-03
Crééz,2002-03-31
Mélinda,2004-09-13
Méryl,2003-06-11
Bénédicte,2007-02-22
Dù,2014-07-20
Stéphanie,2014-06-18
Clémentine,2013-04-15
Géraldine,2012-01-02
Séréna,2004-04-15
Andréanne,2003-11-10
Marie-hélène,2011-08-19
Maïté,2002-04-23
Félicie,2005-10-01
Garçon,2014-04-09
Véronique,2011-06-14
Ophélie,2011-05-05
André,2004-07-07
Almérinda,2005-12-21
Maéna,2005-05-01
Dù,2014-11-20
Maëline,2011-08-25
Irène,2003-06-28
Laïla,2015-09-09
Adèle,2001-05-25
Régine,2003-06-15
Chloé,2005-05-11
Pélagie,2014-02-16
Tán,2015-10-17
Torbjörn,2012-04-30
Simplifiés,2009-07-22
Océanne,2014-05-08
Camélia,2006-03-22
Bérangère,2005-03-17
Rébecca,2000-05-23
Naéva,2002-09-17
Cinéma,2008-02-09
Maëlann,2005-03-20
Sélène,2006-09-19
Yóu,2010-07-13
Andréa,2010-07-18
Åke,2013-03-28
Marie-hélène,2001-10-10
Maëlyss,2004-11-09
Frédérique,2003-04-13
Kallisté,2003-01-26
Noëlla,2002-02-11
Bécassine,2010-09-27
Marie-josée,2001-01-26
Maëly,2008-07-23
Anaé,2001-08-08
Görel,2001-02-14
Inès,2004-03-09
Laurène,2008-09-29
Mà,2003-12-31
Marie-ève,2008-02-03
Maëlle,2003-07-27
Véronique,2005-02-25
Mégane,2009-02-02
Garçon,2002-08-09
Gaétane,2009-11-25
Thérèse,2003-11-05
Camélia,2003-10-26
Dafnée,2007-12-14
Mélina,2015-07-12
Eloïse,2002-05-30
Lén,2012-09-03
Marylène,2015-11-13
Amélie,2002-01-12
Rachèle,2005-07-13
Maéna,2005-04-15
Naéva,2003-09-08
Tú,2003-08-02
Görel,2010-08-06
Judicaël,2011-09-10
Joséphine,2006-12-31
Loïc,2002-08-29
Yóu,2007-06-05
Gisèle,2012-07-17
Nadège,2007-03-17
Yè,2009-04-07
Laurélie,2006-08-06
Valérie,2002-05-05
Andréanne,2015-12-07
Lauréna,2005-08-10
Mélinda,2008-10-13
Kuí,2014-08-29
Yóu,2003-01-23
Marylène,2008-03-21
Amélie,2008-11-18
André,2006-03-12
Méghane,2014-06-27
Marie-françoise,2011-06-28
Torbjörn,2000-05-28
Mélodie,2001-04-20
Göran,2015-10-05
Naéva,2006-08-22
Gwenaëlle,2011-08-29
Wá,2007-01-27
Måns,2000-08-15
Gaétane,2012-07-29
Desirée,2010-05-12
Adèle,2010-05-30
Laurélie,2002-01-27
Bécassine,2011-10-05
Annotés,2015-08-24
Marie-hélène,2010-03-12
Wá,2013-06-29
Annotée,2004-03-30
Maïwenn,2009-06-13
Maïly,2004-07-07
Aimée,2010-07-02
Dà,2013-01-03
Zoé,2003-05-16
Fèi,2003-09-05
Agnès,2010-01-15
Gaétane,2004-02-26
Nadège,2012-11-08
Liè,2005-05-25
Athéna,2007-11-27
Régine,2010-05-10
Françoise,2012-02-25
Edmée,2015-01-09
Kévina,2011-01-14
Mahélie,2001-05-08
Kallisté,2002-10-16
Marlène,2016-03-08
Léana,2013-06-10
Léana,2012-04-25
Görel,2015-02-13
Marie-hélène,2003-03-11
Maëlla,2007-07-24
Aimée,2005-04-28
Aurélie,2001-02-17
Åslög,2012-02-16
Yáo,2011-06-18
Maëlyss,2013-06-11
Göran,2004-03-08
Véronique,2005-06-09
Agnès,2014-10-27
Bérangère,2011-04-22
Aurélie,2003-05-15
Illustrée,2010-11-17
Célestine,2001-01-23
Almérinda,2009-08-18
Rébecca,2012-10-26
Cléa,2007-09-02
Josée,2008-09-10
Ruò,2002-07-27
Geneviève,2005-12-08
Véronique,2005-10-14
Mélys,2010-11-16
Björn,2011-09-06
Gaétane,2003-08-28
Jú,2008-09-22
Tán,2014-03-22
Wá,2004-12-02
Anaïs,2007-03-25
Lauréna,2008-06-29
Illustrée,2015-02-18
Bérengère,2014-06-07
Cloé,2010-01-09
Kù,2011-02-27
Garçon,2002-06-01
Mén,2002-07-30
Eléonore,2015-04-11
Lài,2010-11-06
Angélique,2002-02-24
Gaëlle,2005-03-06
Dorothée,2001-05-24
Uò,2005-07-09
Noëlla,2001-03-30
Andréanne,2012-06-28
Naëlle,2003-10-22
Dà,2011-07-17
Réjane,2003-05-23
Mélanie,2006-10-19
Andréanne,2014-08-12
Magdalène,2010-06-04
Björn,2010-12-17
Rébecca,2015-12-11
Zoé,2009-11-16
Adélaïde,2015-05-02
Edmée,2009-03-23
Gwenaëlle,2005-08-29
Personnalisée,2008-12-18
Cunégonde,2008-09-22
Gwenaëlle,2016-02-03
Josée,2003-12-24
Gwenaëlle,2008-11-25
Bécassine,2005-12-23
Mårten,2013-01-09
Mén,2009-07-24
Régine,2001-09-07
Nuó,2014-04-20
Solène,2009-10-30
Andréanne,2014-10-25
Renée,2001-09-26
Gaëlle,2001-12-31
Maïté,2005-05-14
Maïlis,2009-12-25
Rachèle,2008-11-04
Jú,2003-05-22
Märta,2012-04-21
Géraldine,2002-02-24
Méng,2010-07-05
Tán,2012-03-28
Nélie,2004-07-16
Desirée,2004-12-23
Cinéma,2010-07-03
Crééz,2012-08-15
Torbjörn,2005-04-29
Maïlis,2003-01-19
Laurène,2000-09-15
Naéva,2015-09-11
Mahélie,2014-06-29
Nuó,2002-05-06
Dafnée,2003-09-01
Eugénie,2015-07-22
Maïté,2003-01-13
Dorothée,2005-09-06
Annotée,2010-05-22
Méryl,2004-07-08
Régine,2003-02-08
Håkan,2010-11-17
Stévina,2015-07-20
Zoé,2013-06-26
Yóu,2001-10-09
Clémentine,2007-07-22
Eugénie,2012-06-03
Léonore,2008-02-11
Andrée,2010-07-11
Marie-josée,2009-06-01
Daphnée,2001-03-23
Örjan,2006-04-27
Almérinda,2012-08-03
Bérengère,2016-01-06
Andrée,2014-02-01
Marie-hélène,2007-02-27
Adélaïde,2001-01-17
Marlène,2009-02-24
Pål,2005-05-13
Åke,2004-07-24
Célestine,2004-02-16
Loïca,2012-07-11
Gisèle,2013-01-16
Léandre,2002-07-15
Irène,2008-07-11
Thérèse,2003-09-04
Léana,2008-04-27
Gisèle,2011-02-10
Styrbjörn,2013-10-22
Maïlis,2000-12-04
Mégane,2011-02-21
Jú,2012-08-26
Hélène,2015-04-06
Gisèle,2006-08-31
Yénora,2014-07-11
Kallisté,2001-10-18
Uò,2002-10-13
Adélaïde,2005-09-17
Åslög,2002-07-09
Maëlann,2004-04-23
Géraldine,2014-05-25
Publicité,2012-08-30
Michèle,2005-12-12
Maëlann,2009-05-21
Mélissandre,2010-09-08
Clémence,2002-05-03
Östen,2005-08-17
Bérengère,2000-05-22
Amélie,2003-01-29
Björn,2002-12-11
Camélia,2000-09-23
Mén,2005-12-07
Chloé,2002-01-23
Maïlys,2004-04-10
Thérèsa,2011-08-13
Adélaïde,2015-04-20
Océanne,2001-09-20
Maïly,2000-07-26
Maïlis,2016-02-18
Bécassine,2006-01-23
Görel,2002-01-31
Marie-noël,2008-10-01
Mégane,2013-05-06
Håkan,2009-11-29
Marie-noël,2012-01-29
Eloïse,2003-12-21
Maïté,2003-09-30
Gérald,2001-11-09
Célia,2014-10-04
Lauréna,2013-09-23
Kévina,2011-02-15
Amélie,2015-10-30
Béatrice,2011-06-20
Andrée,2007-12-21
Noémie,2009-05-28
Valérie,2003-11-08
Maëly,2014-11-08
Wá,2004-03-31
Néhémie,2013-07-29
Athéna,2002-12-01
Maëlla,2015-06-08
Maï,2013-11-07
Marylène,2005-05-25
Léa,2000-09-09
Chloé,2012-09-04
Lorène,2001-03-10
Mégane,2006-10-31
Mélys,2005-08-10
Athéna,2012-07-20
Nadège,2006-04-03
Célestine,2001-11-29
Publicité,2014-09-08
Célia,2004-09-02
Mélanie,2011-01-24
Lorène,2002-03-08
Ophélie,2007-07-13
Tú,2003-07-23
Görel,2012-12-01
Maëlla,2011-01-04
Jú,2006-02-14
Lén,2011-09-22
Åsa,2003-05-09
Aí,2006-07-24
Kévina,2010-05-12
Jú,2011-10-28
Gaëlle,2015-04-05
Clélia,2015-09-26
Yóu,2006-12-10
Mårten,2012-06-19
Josée,2005-07-13
Bérénice,2010-01-19
Alizée,2006-08-01
Rébecca,2012-03-29
Ruì,2003-06-20
Maëly,2014-11-24
Wá,2012-09-26
Maëline,2014-05-01
Maïlys,2002-11-25
Solène,2012-04-09
Michèle,2002-12-16
Méthode,2003-07-15
Méline,2000-10-18
Andrée,2005-10-27
Kallisté,2010-01-17
Ophélie,2014-05-03
Hélène,2008-01-11
Eugénie,2005-04-11
Valérie,2005-10-05
Magdalène,2001-12-12
Hélène,2008-03-23
Stévina,2008-09-18
Kévina,2007-03-02
Gaïa,2007-10-16
Mahélie,2014-10-20
Béatrice,2011-03-29
Aimée,2007-08-26
Nadège,2007-06-10
Mà,2007-09-07
Nuó,2001-07-17
Maëlys,2012-08-25
Anaëlle,2016-02-17
Aí,2004-11-30
Aloïs,2007-06-19
Magdalène,2012-03-15
Gaëlle,2014-10-20
Médiamass,2006-11-22
Renée,2004-07-07
Örjan,2015-01-23
Estève,2012-08-02
Nuó,2003-02-17
Réservés,2007-04-17
Kuí,2003-07-26
Joséphine,2002-06-26
Noëlla,2012-09-29
Cinéma,2012-04-09
Maëly,2005-03-01
Pò,2012-03-19
Céline,2001-06-07
Cécile,2011-04-23
Maëlys,2005-07-24
Crééz,2002-09-30
Léandre,2010-04-14
Maëlla,2002-04-03
Léonie,2012-04-08
Françoise,2014-12-06
Marie-noël,2012-05-30
Judicaël,2002-08-03
Loïc,2012-08-27
Annotés,2012-03-02
Pélagie,2013-11-01
Laurélie,2008-04-10
Marie-ève,2012-08-05
Marie-noël,2014-06-06
Kévina,2015-03-30
Réservés,2010-08-23
Andrée,2007-04-18
Måns,2003-11-27
Cécile,2005-08-12
Åke,2015-06-24
Joséphine,2007-01-16
Måns,2014-10-21
Amélie,2007-09-10
Angèle,2016-01-11
Estée,2005-06-22
Mélissandre,2011-10-27
Félicie,2004-03-07
Loïc,2010-10-04
Tán,2001-04-21
Maëlann,2003-09-13
Fèi,2004-09-07
Clémentine,2013-10-23
Torbjörn,2000-09-04
Estève,2014-03-20
Edmée,2000-08-22
Maïwenn,2012-01-31
Mélissandre,2008-02-29
Michèle,2004-10-06
Géraldine,2005-12-21
Cécilia,2005-10-08
Maïlys,2005-12-28
Hélène,2000-05-12
Lóng,2002-01-01
Göran,2001-03-31
Bérengère,2006-04-16
Noëlla,2012-03-05
Salomé,2003-05-13
Irène,2011-12-24
Yè,2008-04-14
Mårten,2004-01-07
Dorothée,2010-03-08
Vérane,2015-10-04
Aloïs,2013-02-09
Gaëlle,2013-05-21
Lén,2011-05-23
Françoise,2002-05-27
Laurène,2011-11-22
Geneviève,2010-07-16
Loïs,2009-01-07
Åke,2007-07-04
Cinéma,2005-10-28
Maëlle,2011-01-01
Mégane,2015-03-06
Amélie,2012-04-06
Göran,2005-02-01
Nuó,2016-02-21
Geneviève,2003-01-07
Geneviève,2005-10-31
Gösta,2011-08-25
Mahélie,2007-11-11
Maïly,2011-01-16
Liè,2009-09-24
Irène,2000-03-16
Marlène,2005-09-26
Félicie,2003-09-14
Méghane,2002-08-16
Nuó,2000-10-21
Marie-josée,2008-05-21
Méthode,2015-09-07
Nadège,2014-01-30
Personnalisée,2006-04-08
Néhémie,2002-04-27
Publicité,2007-11-25
Naëlle,2014-05-15
Yénora,2007-02-04
Séréna,2011-06-07
Kévina,2005-05-25
Andréanne,2006-04-23
Magdalène,2005-09-20
Maïlys,2014-12-11
Cloé,2006-11-22
Marie-josée,2014-01-08
Mélanie,2012-12-18
Médiamass,2000-07-03
Adèle,2004-07-18
Méghane,2007-11-03
Lucrèce,2004-04-02
Gisèle,2012-01-31
Crééz,2009-06-17
Naéva,2003-09-04
Yè,2013-11-30
Maëly,2004-07-22
Lóng,2001-03-27
Angélique,2010-01-20
Solène,2011-08-11
Athéna,2005-01-29
Marie-ève,2000-08-30
Béatrice,2013-03-17
Jú,2004-10-29
Régine,2005-10-20
Loïca,2013-09-08
Jú,2005-01-21
Amélie,2004-09-07
Régine,2010-02-16
Erwéi,2009-02-27
Börje,2003-01-25
Edmée,2008-02-08
Wá,2003-01-26
Thérèse,2014-03-18
Inès,2007-03-21
Ruò,2001-08-02
Lauréna,2008-09-23
Danièle,2010-05-27
Léonie,2009-05-24
Laurène,2002-10-14
Naéva,2002-10-14
Zoé,2015-04-22
Aurélie,2005-02-25
Judicaël,2015-06-01
Lauréna,2005-07-02
Inès,2008-06-14
Liè,2002-06-23
Mélanie,2013-01-05
Marlène,2015-05-12
Nuó,2010-07-20
Marie-hélène,2014-06-15
Eléa,2014-07-13
Åslög,2005-08-02
Mà,2012-04-25
Vénus,2003-04-11
Léana,2013-03-03
Marie-noël,2009-07-11
Léonie,2015-10-28
Rachèle,2013-12-09
Athéna,2013-12-26
Daphnée,2012-11-13
Eugénie,2011-01-22
Mà,2012-06-27
Maëlle,2008-04-23
Maëlle,2013-09-22
Miléna,2006-05-27
Noëlla,2005-11-16
Maéna,2003-12-10
Méng,2008-06-19
Almérinda,2012-03-23
Stéphanie,2007-01-04
Illustrée,2011-04-24
Lauréna,2002-09-11
Cléopatre,2001-01-14
Léane,2010-02-03
Danièle,2005-08-09
Françoise,2005-08-23
Maïwenn,2001-10-01
Aimée,2003-05-31
Adélie,2011-10-26
Görel,2002-10-18
Ráo,2008-06-03
Valérie,2015-08-30
Táng,2015-07-31
Maéna,2012-06-09
Océanne,2003-04-14
André,2007-06-26
Esbjörn,2015-12-13
Marylène,2006-07-10
Pål,2014-10-02
Danièle,2001-11-15
Börje,2009-12-30
Mårten,2009-08-07
Annotés,2005-05-29
Zoé,2013-07-08
Zoé,2011-09-13
Léonore,2015-06-01
Céline,2009-03-03
Andréa,2005-06-12
Pò,2003-11-14
Annotée,2004-06-04
Wá,2012-01-22
Åsa,2004-04-29
Méghane,2012-03-01
Marie-ève,2003-08-29
Kuí,2010-06-29
Joséphine,2001-05-03
Marylène,2005-10-31
Desirée,2008-08-30
Hélène,2006-02-17
Yáo,2005-06-09
Geneviève,2011-05-02
Örjan,2003-01-15
Irène,2011-09-26
Märta,2012-11-05
Marie-thérèse,2013-11-19
Andréanne,2013-01-01
Torbjörn,2011-05-16
Märta,2004-11-25
Camélia,2002-09-10
Thérèse,2005-05-13
Dà,2001-03-16
Méthode,2010-11-28
Åke,2002-05-09
Esbjörn,2004-06-08
Noëlla,2011-10-26
Mélia,2000-07-29
Sélène,2011-12-18
Stévina,2010-05-09
Ophélie,2001-09-06
Inès,2012-03-01
Mélanie,2008-04-27
Laurène,2002-12-28
Alizée,2000-07-19
Cécilia,2000-11-08
Pò,2010-07-11
Mélina,2002-04-30
Maïlis,2015-01-06
Magdalène,2001-12-16
Kévina,2010-02-17
Félicie,2009-12-05
Dafnée,2010-02-17
Gösta,2001-08-15
Méline,2014-02-13
Mélia,2014-02-13
Crééz,2005-04-14
Rébecca,2016-02-05
Estève,2008-12-16
Léane,2007-01-14
Maïly,2005-12-02
Bérangère,2009-12-22
Styrbjörn,2016-01-27
Kù,2002-01-24
Cunégonde,2014-01-20
Åslög,2010-04-09
Adèle,2004-05-24
Bénédicte,2014-05-03
Yú,2011-06-18
Nuó,2010-11-15
Régine,2000-07-20
Audréanne,2006-11-02
Ophélie,2014-07-02
Illustrée,2008-11-01
Hélèna,2005-10-10
Laurène,2003-01-21
Céline,2007-04-03
Réjane,2014-06-23
Gwenaëlle,2006-12-21
Réservés,2014-11-02
Loïc,2003-05-08
Adélie,2014-04-03
Maëlys,2013-11-15
Maéna,2001-03-13
Mén,2002-09-05
Dà,2015-12-09
Publicité,2010-10-18
Irène,2005-08-09
Eloïse,2007-10-02
Nadège,2007-04-17
Torbjörn,2009-12-27
Mégane,2007-06-11
Naéva,2004-08-04
Marie-hélène,2002-07-30
Marie-ève,2015-11-05
Laurélie,2002-12-24
Maëlys,2007-08-04
Anaël,2001-07-10
Yú,2012-07-11
Méline,2006-09-05
Yóu,2008-03-29
Océane,2002-07-06
Chloé,2014-02-23
Géraldine,2005-12-09
Görel,2010-05-30
Léana,2005-04-11
Léa,2011-01-17
Réjane,2013-04-02
Adélie,2001-03-27
Léana,2008-06-13
Maïlys,2006-04-15
Magdalène,2015-02-17
Magdalène,2007-06-28
Mélanie,2013-10-11
Maïly,2003-06-08
Nélie,2006-05-08
Lóng,2004-02-25
Pål,2001-11-15
Clémentine,2007-06-27
Cinéma,2000-07-07
Andrée,2012-02-29
Björn,2007-11-04
Josée,2011-11-24
Daphnée,2007-01-09
Cinéma,2012-04-14
Kù,2015-10-19
Noëlla,2007-09-16
Mélia,2006-01-09
Marie-josée,2004-08-08
Kù,2001-11-04
Lài,2013-12-18
Gösta,2015-11-12
Léa,2004-05-23
Tú,2015-03-13
Maëlyss,2011-09-27
Anaïs,2015-06-26
Maëline,2008-06-21
Lorène,2016-02-14
Renée,2003-05-24
Bénédicte,2012-08-06
Magdalène,2003-03-01
Chloé,2000-11-02
Maëlann,2015-03-04
Maï,2013-10-12
Daphnée,2015-09-14
Joséphine,2011-10-31
Nuó,2013-01-17
Maïlys,2011-05-13
Géraldine,2013-09-10
Geneviève,2011-06-01
Loïc,2012-09-18
Lyséa,2007-06-08
Dà,2002-01-04
Béatrice,2008-08-16
Faîtes,2000-08-11
Médiamass,2005-03-26
Jú,2016-01-25
Publicité,2003-08-09
Loïca,2014-02-28
Adélaïde,2011-08-29
Desirée,2005-06-04
Géraldine,2003-09-26
Åslög,2002-10-20
Angélique,2000-08-13
Félicie,2004-11-03
Clélia,2006-05-10
Mélanie,2010-10-04
Laurène,2009-05-05
Pélagie,2003-05-01
Nélie,2009-01-13
Cléa,2012-09-06
Méng,2006-10-31
Lucrèce,2008-03-06
Céline,2015-06-04
Kù,2015-03-31
Dà,2013-01-23
Åsa,2012-06-07
Styrbjörn,2011-03-27
Mélodie,2005-11-08
Eloïse,2010-10-29
Torbjörn,2007-09-19
Célia,2000-04-14
Aí,2006-05-01
Kallisté,2008-02-14
Styrbjörn,2004-07-18
Sòng,2000-04-14
Clélia,2004-01-09
Sélène,2012-03-25
Angèle,2012-10-18
Loïs,2004-04-17
Danièle,2004-09-09
Océane,2001-12-01
Estève,2004-06-07
Réjane,2012-02-10
Gösta,2001-07-14
Judicaël,2015-12-13
Renée,2009-08-10
Åslög,2001-08-23
Pénélope,2002-03-20
Cléopatre,2004-05-23
Lucrèce,2015-02-19
Laïla,2000-07-18
Marie-hélène,2002-09-20
Gaïa,2005-10-01
Frédérique,2004-08-02
Mégane,2010-06-17
Clémentine,2006-01-16
Anaël,2007-08-09
Almérinda,2003-04-15
Chloé,2012-07-12
Aurélie,2004-08-11
André,2008-12-12
Björn,2014-04-03
Eloïse,2015-07-30
Célia,2011-04-06
Céline,2011-11-04
Céline,2009-04-19
Céline,2008-01-22
Björn,2005-01-23
Aimée,2006-10-28
Mårten,2012-04-11
Kù,2000-03-26
Lyséa,2009-04-24
Thérèsa,2010-05-28
Kuí,2007-08-31
Maëlys,2015-02-21
Céline,2005-05-21
Torbjörn,2013-03-12
Méline,2004-01-06
Loïca,2006-12-30
Mén,2012-01-20
Adélie,2012-11-13
Marie-ève,2005-04-04
Görel,2004-10-12
Sélène,2012-05-17
Renée,2006-06-26
Erwéi,2001-05-06
Laïla,2015-09-27
Publicité,2014-03-23
Amélie,2003-10-13
Valérie,2015-07-17
Mélinda,2015-06-12
Loïs,2005-07-23
Mélodie,2009-11-05
Mélanie,2008-07-12
Aloïs,2009-09-20
Maëlys,2001-12-12
Esbjörn,2009-02-07
Léa,2014-01-23
Ráo,2015-11-20
Béatrice,2003-06-24
Béatrice,2008-02-26
Estève,2008-07-27
Océanne,2015-09-08
Marie-ève,2013-01-01
Clémence,2002-09-26
Léonore,2016-01-09
Andrée,2001-06-19
Néhémie,2010-01-19
Léane,2002-09-27
Almérinda,2000-06-20
Béatrice,2015-08-12
Maëly,2003-11-06
Irène,2006-12-20
Audréanne,2013-02-24
Néhémie,2008-05-04
Laurène,2015-10-28
Faîtes,2005-07-25
Adèle,2013-06-05
Clémentine,2004-02-13
Cécilia,2015-08-01
Maëlla,2013-10-23
Eloïse,2012-09-16
Eliès,2005-10-22
Märta,2002-12-23
Réjane,2012-02-18
Adèle,2002-05-29
Annotée,2008-05-17
Pénélope,2010-05-18
Lóng,2002-12-21
Angélique,2012-04-21
Frédérique,2012-07-10
Pål,2006-06-15
Maëlyss,2001-03-06
Célestine,2010-12-23
Mylène,2014-04-27
Bérangère,2003-07-26
Anaël,2007-07-25
Kallisté,2004-02-13
Marie-josée,2001-07-22
Geneviève,2003-05-21
Laurène,2011-01-31
Mahélie,2003-06-04
Mà,2006-03-13
Magdalène,2007-01-24
Cloé,2007-03-03
Göran,2008-01-28
Geneviève,2001-07-29
Esbjörn,2006-02-14
Laïla,2005-05-02
Lyséa,2014-01-28
Eliès,2009-06-19
Yénora,2002-12-18
Anaé,2007-11-10
Tán,2006-08-01
Mylène,2015-08-18
Thérèsa,2011-09-18
Véronique,2010-08-01
Marie-josée,2005-12-12
Naéva,2009-08-14
Méghane,2001-04-08
Marie-josée,2006-08-03
Loïc,2004-11-30
Cunégonde,2004-01-15
Aloïs,2015-12-12
Maï,2003-03-17
Håkan,2011-05-06
Gaëlle,2013-04-05
Mylène,2003-08-15
Fèi,2008-08-15
Aí,2012-03-27
Anaëlle,2005-04-30
Maïté,2012-04-24
Mahélie,2005-03-30
Stévina,2007-09-07
Maï,2005-09-01
Miléna,2004-11-08
Yú,2001-07-24
Maëline,2015-02-22
Kuí,2002-07-24
Maëlyss,2001-02-01
Cunégonde,2009-01-07
Bénédicte,2009-05-04
Wá,2007-02-03
Réjane,2010-08-03
Lyséa,2002-10-04
Loïca,2008-10-27
Marie-hélène,2010-08-06
Eléonore,2012-08-29
Zhì,2014-05-08
Maëlla,2008-12-29
Chloé,2015-11-27
Mélina,2013-09-01
Réjane,2005-10-15
Lóng,2007-07-01
Aí,2008-11-13
Rachèle,2000-10-09
Athéna,2012-06-10
Naéva,2014-05-22
Edmée,2006-06-21
Maëlla,2009-03-11
Laurélie,2014-04-16
Gwenaëlle,2015-07-02
Östen,2012-01-02
Lóng,2004-08-25
Anaïs,2005-10-14
Göran,2015-05-29
Thérèse,2006-04-23
Lorène,2014-04-17
Noëlla,2013-05-05
Françoise,2008-05-27
Göran,2000-10-10
Maëly,2013-08-03
Mélia,2006-11-11
Léane,2010-06-22
Åslög,2005-08-08
Véronique,2005-08-24
Eliès,2010-05-16
Yóu,2002-07-19
Lèi,2002-09-29
Adélie,2010-07-07
Annotés,2001-06-07
Béatrice,2011-02-05
Åke,2000-03-16
Valérie,2014-08-01
Åslög,2015-04-25
Garçon,2003-06-22
Personnalisée,2002-09-20
Östen,2000-04-02
Alizée,2003-09-05
Pénélope,2008-09-10
Andrée,2014-07-15
Cléa,2001-12-13
Pénélope,2010-08-15
Cécile,2001-10-12
Aurélie,2012-05-11
Valérie,2002-01-05
Léane,2008-06-27
Noémie,2014-07-26
Maïwenn,2015-03-06
Maëlann,2016-02-12
Gérald,2012-07-16
Océane,2006-10-30
Eléa,2012-07-17
Loïs,2001-12-18
Lài,2013-02-08
Cécile,2005-06-23
Gérald,2008-12-14
Yóu,2012-05-12
Personnalisée,2005-08-20
Åke,2003-11-25
Audréanne,2003-09-02
Josée,2007-05-21
Laurélie,2011-08-07
Gaïa,2014-09-02
Gérald,2003-10-14
Mylène,2006-11-07
Marie-thérèse,2007-08-17
Mårten,2013-09-10
Cléopatre,2008-05-24
Måns,2012-11-29
Håkan,2009-09-27
Vérane,2015-05-16
Alizée,2001-08-23
Cloé,2005-04-25
Angèle,2014-02-01
Salomé,2006-07-16
Märta,2014-04-06
Maëlle,2001-05-14
Stévina,2007-06-05
Adèle,2002-07-28
Angèle,2011-01-18
Vérane,2005-09-25
Maïlys,2005-09-28
Clélia,2015-03-09
Naéva,2011-11-08
Yénora,2008-10-31
Méghane,2004-07-19
Méthode,2007-05-03
Stévina,2002-12-24
Jú,2008-11-03
Eugénie,2003-01-20
Agnès,2003-08-01
Ophélie,2002-11-06
Méline,2009-01-05
Måns,2006-04-23
André,2006-01-21
Kallisté,2001-02-04
Léonie,2005-05-06
Mélissandre,2010-06-27
Lucrèce,2011-12-01
Ruò,2006-04-01
Stéphanie,2015-06-11
Maïly,2015-09-22
Göran,2014-03-17
Michèle,2000-04-06
Marylène,2008-01-20
Maï,2010-08-22
Pénélope,2001-04-17
Ruò,2014-08-31
Cécile,2001-11-20
Thérèse,2015-03-19
Naéva,2010-09-26
Marie-noël,2012-07-09
Michèle,2005-01-14
Mégane,2003-03-15
Åke,2011-02-16
Célia,2000-07-11
Rébecca,2000-04-06
Uò,2013-11-16
Chloé,2015-04-01
Zhì,2013-06-07
Esbjörn,2004-01-16
Agnès,2013-05-15
Simplifiés,2014-03-11
Mylène,2012-06-05
Cinéma,2005-12-27
Fèi,2007-09-04
Daphnée,2006-09-18
Adélie,2010-02-02
Cléopatre,2003-05-18
Mylène,2000-11-03
Régine,2008-11-07
Gisèle,2014-07-04
Jú,2007-09-19
Valérie,2010-02-14
Mén,2005-01-02
Cinéma,2012-10-24
Amélie,2013-05-20
Aurélie,2006-01-02
Pò,2015-05-16
Åsa,2013-10-05
Hélèna,2007-02-26
Chloé,2012-07-28
Laurélie,2007-05-15
Styrbjörn,2002-07-07
Bénédicte,2014-07-29
Angélique,2014-08-14
Frédérique,2003-04-13
Kallisté,2003-01-26
Noëlla,2002-02-11
Bécassine,2010-09-27
Marie-josée,2001-01-26
Maëly,2008-07-23
Anaé,2001-08-08
Görel,2001-02-14
Inès,2004-03-09
Laurène,2008-09-29
Mà,2003-12-31
Marie-ève,2008-02-03
Maëlle,2003-07-27
Véronique,2005-02-25
Mégane,2009-02-02
Garçon,2002-08-09
Gaétane,2009-11-25
Thérèse,2003-11-05
Camélia,2003-10-26
Dafnée,2007-12-14
Mélina,2015-07-12
Eloïse,2002-05-30
Lén,2012-09-03
Marylène,2015-11-13
Amélie,2002-01-12
Rachèle,2005-07-13
Maéna,2005-04-15
Naéva,2003-09-08
Tú,2003-08-02
Görel,2010-08-06
Judicaël,2011-09-10
Joséphine,2006-12-31
Loïc,2002-08-29
Yóu,2007-06-05
Gisèle,2012-07-17
Nadège,2007-03-17
Yè,2009-04-07
Laurélie,2006-08-06
Valérie,2002-05-05
Andréanne,2015-12-07
Lauréna,2005-08-10
Mélinda,2008-10-13
Kuí,2014-08-29
Yóu,2003-01-23
Marylène,2008-03-21
Amélie,2008-11-18
André,2006-03-12
Méghane,2014-06-27
Marie-françoise,2011-06-28
Torbjörn,2000-05-28
Mélodie,2001-04-20
Göran,2015-10-05
Naéva,2006-08-22
Gwenaëlle,2011-08-29
Wá,2007-01-27
Måns,2000-08-15
Gaétane,2012-07-29
Desirée,2010-05-12
Adèle,2010-05-30
Laurélie,2002-01-27
Bécassine,2011-10-05
Annotés,2015-08-24
Marie-hélène,2010-03-12
Wá,2013-06-29
Annotée,2004-03-30
Maïwenn,2009-06-13
Maïly,2004-07-07
Aimée,2010-07-02
Dà,2013-01-03
Zoé,2003-05-16
Fèi,2003-09-05
Agnès,2010-01-15
Gaétane,2004-02-26
Nadège,2012-11-08
Liè,2005-05-25
Athéna,2007-11-27
Régine,2010-05-10
Françoise,2012-02-25
Edmée,2015-01-09
Kévina,2011-01-14
Mahélie,2001-05-08
Kallisté,2002-10-16
Marlène,2016-03-08
Léana,2013-06-10
Léana,2012-04-25
Görel,2015-02-13
Marie-hélène,2003-03-11
Maëlla,2007-07-24
Aimée,2005-04-28
Aurélie,2001-02-17
Åslög,2012-02-16
Yáo,2011-06-18
Maëlyss,2013-06-11
Göran,2004-03-08
Véronique,2005-06-09
Agnès,2014-10-27
Bérangère,2011-04-22
Aurélie,2003-05-15
Illustrée,2010-11-17
Célestine,2001-01-23
Almérinda,2009-08-18
Rébecca,2012-10-26
Cléa,2007-09-02
Josée,2008-09-10
Ruò,2002-07-27
Geneviève,2005-12-08
Véronique,2005-10-14
Mélys,2010-11-16
Björn,2011-09-06
Gaétane,2003-08-28
Jú,2008-09-22
Tán,2014-03-22
Wá,2004-12-02
Anaïs,2007-03-25
Lauréna,2008-06-29
Illustrée,2015-02-18
Bérengère,2014-06-07
Cloé,2010-01-09
Kù,2011-02-27
Garçon,2002-06-01
Mén,2002-07-30
Eléonore,2015-04-11
Lài,2010-11-06
Angélique,2002-02-24
Gaëlle,2005-03-06
Dorothée,2001-05-24
Uò,2005-07-09
Noëlla,2001-03-30
Andréanne,2012-06-28
Naëlle,2003-10-22
Dà,2011-07-17
Réjane,2003-05-23
Mélanie,2006-10-19
Andréanne,2014-08-12
Magdalène,2010-06-04
Björn,2010-12-17
Rébecca,2015-12-11
Zoé,2009-11-16
Adélaïde,2015-05-02
Edmée,2009-03-23
Gwenaëlle,2005-08-29
Personnalisée,2008-12-18
Cunégonde,2008-09-22
Gwenaëlle,2016-02-03
Josée,2003-12-24
Gwenaëlle,2008-11-25
Bécassine,2005-12-23
Mårten,2013-01-09
Mén,2009-07-24
Régine,2001-09-07
Nuó,2014-04-20
Solène,2009-10-30
Andréanne,2014-10-25
Renée,2001-09-26
Gaëlle,2001-12-31
Maïté,2005-05-14
Maïlis,2009-12-25
Rachèle,2008-11-04
Jú,2003-05-22
Märta,2012-04-21
Géraldine,2002-02-24
Méng,2010-07-05
Tán,2012-03-28
Nélie,2004-07-16
Desirée,2004-12-23
Cinéma,2010-07-03
Crééz,2012-08-15
Torbjörn,2005-04-29
Maïlis,2003-01-19
Laurène,2000-09-15
Naéva,2015-09-11
Mahélie,2014-06-29
Nuó,2002-05-06
Dafnée,2003-09-01
Eugénie,2015-07-22
Maïté,2003-01-13
Dorothée,2005-09-06
Annotée,2010-05-22
Méryl,2004-07-08
Régine,2003-02-08
Håkan,2010-11-17
Stévina,2015-07-20
Zoé,2013-06-26
Yóu,2001-10-09
Clémentine,2007-07-22
Eugénie,2012-06-03
Léonore,2008-02-11
Andrée,2010-07-11
Marie-josée,2009-06-01
Daphnée,2001-03-23
Örjan,2006-04-27
Almérinda,2012-08-03
Bérengère,2016-01-06
Andrée,2014-02-01
Marie-hélène,2007-02-27
Adélaïde,2001-01-17
Marlène,2009-02-24
Pål,2005-05-13
Åke,2004-07-24
Célestine,2004-02-16
Loïca,2012-07-11
Gisèle,2013-01-16
Léandre,2002-07-15
Irène,2008-07-11
Thérèse,2003-09-04
Léana,2008-04-27
Gisèle,2011-02-10
Styrbjörn,2013-10-22
Maïlis,2000-12-04
Mégane,2011-02-21
Jú,2012-08-26
Hélène,2015-04-06
Gisèle,2006-08-31
Yénora,2014-07-11
Kallisté,2001-10-18
Uò,2002-10-13
Adélaïde,2005-09-17
Åslög,2002-07-09
Maëlann,2004-04-23
Géraldine,2014-05-25
Publicité,2012-08-30
Michèle,2005-12-12
Maëlann,2009-05-21
Mélissandre,2010-09-08
Clémence,2002-05-03
Östen,2005-08-17
Bérengère,2000-05-22
Amélie,2003-01-29
Björn,2002-12-11
Camélia,2000-09-23
Mén,2005-12-07
Chloé,2002-01-23
Maïlys,2004-04-10
Thérèsa,2011-08-13
Adélaïde,2015-04-20
Océanne,2001-09-20
Maïly,2000-07-26
Maïlis,2016-02-18
Bécassine,2006-01-23
Görel,2002-01-31
Marie-noël,2008-10-01
Mégane,2013-05-06
Håkan,2009-11-29
Marie-noël,2012-01-29
Eloïse,2003-12-21
Maïté,2003-09-30
Gérald,2001-11-09
Célia,2014-10-04
Lauréna,2013-09-23
Kévina,2011-02-15
Amélie,2015-10-30
Béatrice,2011-06-20
Andrée,2007-12-21
Noémie,2009-05-28
Valérie,2003-11-08
Maëly,2014-11-08
Wá,2004-03-31
Néhémie,2013-07-29
Athéna,2002-12-01
Maëlla,2015-06-08
Maï,2013-11-07
Marylène,2005-05-25
Léa,2000-09-09
Chloé,2012-09-04
Lorène,2001-03-10
Mégane,2006-10-31
Mélys,2005-08-10
Athéna,2012-07-20
Nadège,2006-04-03
Célestine,2001-11-29
Publicité,2014-09-08
Célia,2004-09-02
Mélanie,2011-01-24
Lorène,2002-03-08
Ophélie,2007-07-13
Tú,2003-07-23
Görel,2012-12-01
Maëlla,2011-01-04
Jú,2006-02-14
Lén,2011-09-22
Åsa,2003-05-09
Aí,2006-07-24
Kévina,2010-05-12
Jú,2011-10-28
Gaëlle,2015-04-05
Clélia,2015-09-26
Yóu,2006-12-10
Mårten,2012-06-19
Josée,2005-07-13
Bérénice,2010-01-19
Alizée,2006-08-01
Rébecca,2012-03-29
Ruì,2003-06-20
Maëly,2014-11-24
Wá,2012-09-26
Maëline,2014-05-01
Maïlys,2002-11-25
Solène,2012-04-09
Michèle,2002-12-16
Méthode,2003-07-15
Méline,2000-10-18
Andrée,2005-10-27
Kallisté,2010-01-17
Ophélie,2014-05-03
Hélène,2008-01-11
Eugénie,2005-04-11
Valérie,2005-10-05
Magdalène,2001-12-12
Hélène,2008-03-23
Stévina,2008-09-18
Kévina,2007-03-02
Gaïa,2007-10-16
Mahélie,2014-10-20
Béatrice,2011-03-29
Aimée,2007-08-26
Nadège,2007-06-10
Mà,2007-09-07
Nuó,2001-07-17
Maëlys,2012-08-25
Anaëlle,2016-02-17
Aí,2004-11-30
Aloïs,2007-06-19
Magdalène,2012-03-15
Gaëlle,2014-10-20
Médiamass,2006-11-22
Renée,2004-07-07
Örjan,2015-01-23
Estève,2012-08-02
Nuó,2003-02-17
Réservés,2007-04-17
Kuí,2003-07-26
Joséphine,2002-06-26
Noëlla,2012-09-29
Cinéma,2012-04-09
Maëly,2005-03-01
Pò,2012-03-19
Céline,2001-06-07
Cécile,2011-04-23
Maëlys,2005-07-24
Crééz,2002-09-30
Léandre,2010-04-14
Maëlla,2002-04-03
Léonie,2012-04-08
Françoise,2014-12-06
Marie-noël,2012-05-30
Judicaël,2002-08-03
Loïc,2012-08-27
Annotés,2012-03-02
Pélagie,2013-11-01
Laurélie,2008-04-10
Marie-ève,2012-08-05
Marie-noël,2014-06-06
Kévina,2015-03-30
Réservés,2010-08-23
Andrée,2007-04-18
Måns,2003-11-27
Cécile,2005-08-12
Åke,2015-06-24
Joséphine,2007-01-16
Måns,2014-10-21
Amélie,2007-09-10
Angèle,2016-01-11
Estée,2005-06-22
Mélissandre,2011-10-27
Félicie,2004-03-07
Loïc,2010-10-04
Tán,2001-04-21
Maëlann,2003-09-13
Fèi,2004-09-07
Clémentine,2013-10-23
Torbjörn,2000-09-04
Estève,2014-03-20
Edmée,2000-08-22
Maïwenn,2012-01-31
Mélissandre,2008-02-29
Michèle,2004-10-06
Géraldine,2005-12-21
Cécilia,2005-10-08
Maïlys,2005-12-28
Hélène,2000-05-12
Lóng,2002-01-01
Göran,2001-03-31
Bérengère,2006-04-16
Noëlla,2012-03-05
Salomé,2003-05-13
Irène,2011-12-24
Yè,2008-04-14
Mårten,2004-01-07
Dorothée,2010-03-08
Vérane,2015-10-04
Aloïs,2013-02-09
Gaëlle,2013-05-21
Lén,2011-05-23
Françoise,2002-05-27
Laurène,2011-11-22
Geneviève,2010-07-16
Loïs,2009-01-07
Åke,2007-07-04
Cinéma,2005-10-28
Maëlle,2011-01-01
Mégane,2015-03-06
Amélie,2012-04-06
Göran,2005-02-01
Nuó,2016-02-21
Geneviève,2003-01-07
Geneviève,2005-10-31
Gösta,2011-08-25
Mahélie,2007-11-11
Maïly,2011-01-16
Liè,2009-09-24
Irène,2000-03-16
Marlène,2005-09-26
Félicie,2003-09-14
Méghane,2002-08-16
Nuó,2000-10-21
Marie-josée,2008-05-21
Méthode,2015-09-07
Nadège,2014-01-30
Personnalisée,2006-04-08
Néhémie,2002-04-27
Publicité,2007-11-25
Naëlle,2014-05-15
Yénora,2007-02-04
Séréna,2011-06-07
Kévina,2005-05-25
Andréanne,2006-04-23
Magdalène,2005-09-20
Maïlys,2014-12-11
Cloé,2006-11-22
Marie-josée,2014-01-08
Mélanie,2012-12-18
Médiamass,2000-07-03
Adèle,2004-07-18
Méghane,2007-11-03
Lucrèce,2004-04-02
Gisèle,2012-01-31
Crééz,2009-06-17
Naéva,2003-09-04
Yè,2013-11-30
Maëly,2004-07-22
Lóng,2001-03-27
Angélique,2010-01-20
Solène,2011-08-11
Athéna,2005-01-29
Marie-ève,2000-08-30
Béatrice,2013-03-17
Jú,2004-10-29
Régine,2005-10-20
Loïca,2013-09-08
Jú,2005-01-21
Amélie,2004-09-07
Régine,2010-02-16
Erwéi,2009-02-27
Börje,2003-01-25
Edmée,2008-02-08
Wá,2003-01-26
Thérèse,2014-03-18
Inès,2007-03-21
Ruò,2001-08-02
Lauréna,2008-09-23
Danièle,2010-05-27
Léonie,2009-05-24
Laurène,2002-10-14
Naéva,2002-10-14
Zoé,2015-04-22
Aurélie,2005-02-25
Judicaël,2015-06-01
Lauréna,2005-07-02
Inès,2008-06-14
Liè,2002-06-23
Mélanie,2013-01-05
Marlène,2015-05-12
Nuó,2010-07-20
Marie-hélène,2014-06-15
Eléa,2014-07-13
Åslög,2005-08-02
Mà,2012-04-25
Vénus,2003-04-11
Léana,2013-03-03
Marie-noël,2009-07-11
Léonie,2015-10-28
Rachèle,2013-12-09
Athéna,2013-12-26
Daphnée,2012-11-13
Eugénie,2011-01-22
Mà,2012-06-27
Maëlle,2008-04-23
Maëlle,2013-09-22
Miléna,2006-05-27
Noëlla,2005-11-16
Maéna,2003-12-10
Méng,2008-06-19
Almérinda,2012-03-23
Stéphanie,2007-01-04
Illustrée,2011-04-24
Lauréna,2002-09-11
Cléopatre,2001-01-14
Léane,2010-02-03
Danièle,2005-08-09
Françoise,2005-08-23
Maïwenn,2001-10-01
Aimée,2003-05-31
Adélie,2011-10-26
Görel,2002-10-18
Ráo,2008-06-03
Valérie,2015-08-30
Táng,2015-07-31
Maéna,2012-06-09
Océanne,2003-04-14
André,2007-06-26
Esbjörn,2015-12-13
Marylène,2006-07-10
Pål,2014-10-02
Danièle,2001-11-15
Börje,2009-12-30
Mårten,2009-08-07
Annotés,2005-05-29
Zoé,2013-07-08
Zoé,2011-09-13
Léonore,2015-06-01
Céline,2009-03-03
Andréa,2005-06-12
Pò,2003-11-14
Annotée,2004-06-04
Wá,2012-01-22
Åsa,2004-04-29
Méghane,2012-03-01
Marie-ève,2003-08-29
Kuí,2010-06-29
Joséphine,2001-05-03
Marylène,2005-10-31
Desirée,2008-08-30
Hélène,2006-02-17
Yáo,2005-06-09
Geneviève,2011-05-02
Örjan,2003-01-15
Irène,2011-09-26
Märta,2012-11-05
Marie-thérèse,2013-11-19
Andréanne,2013-01-01
Torbjörn,2011-05-16
Märta,2004-11-25
Camélia,2002-09-10
Thérèse,2005-05-13
Dà,2001-03-16
Méthode,2010-11-28
Åke,2002-05-09
Esbjörn,2004-06-08
Noëlla,2011-10-26
Mélia,2000-07-29
Sélène,2011-12-18
Stévina,2010-05-09
Ophélie,2001-09-06
Inès,2012-03-01
Mélanie,2008-04-27
Laurène,2002-12-28
Alizée,2000-07-19
Cécilia,2000-11-08
Pò,2010-07-11
Mélina,2002-04-30
Maïlis,2015-01-06
Magdalène,2001-12-16
Kévina,2010-02-17
Félicie,2009-12-05
Dafnée,2010-02-17
Gösta,2001-08-15
Méline,2014-02-13
Mélia,2014-02-13
Crééz,2005-04-14
Rébecca,2016-02-05
Estève,2008-12-16
Léane,2007-01-14
Maïly,2005-12-02
Bérangère,2009-12-22
Styrbjörn,2016-01-27
Kù,2002-01-24
Cunégonde,2014-01-20
Åslög,2010-04-09
Adèle,2004-05-24
Bénédicte,2014-05-03
Yú,2011-06-18
Nuó,2010-11-15
Régine,2000-07-20
Audréanne,2006-11-02
Ophélie,2014-07-02
Illustrée,2008-11-01
Hélèna,2005-10-10
Laurène,2003-01-21
Céline,2007-04-03
Réjane,2014-06-23
Gwenaëlle,2006-12-21
Réservés,2014-11-02
Loïc,2003-05-08
Adélie,2014-04-03
Maëlys,2013-11-15
Maéna,2001-03-13
Mén,2002-09-05
Dà,2015-12-09
Publicité,2010-10-18
Irène,2005-08-09
Eloïse,2007-10-02
Nadège,2007-04-17
Torbjörn,2009-12-27
Mégane,2007-06-11
Naéva,2004-08-04
Marie-hélène,2002-07-30
Marie-ève,2015-11-05
Laurélie,2002-12-24
Maëlys,2007-08-04
Anaël,2001-07-10
Yú,2012-07-11
Méline,2006-09-05
Yóu,2008-03-29
Océane,2002-07-06
Chloé,2014-02-23
Géraldine,2005-12-09
Görel,2010-05-30
Léana,2005-04-11
Léa,2011-01-17
Réjane,2013-04-02
Adélie,2001-03-27
Léana,2008-06-13
Maïlys,2006-04-15
Magdalène,2015-02-17
Magdalène,2007-06-28
Mélanie,2013-10-11
Maïly,2003-06-08
Nélie,2006-05-08
Lóng,2004-02-25
Pål,2001-11-15
Clémentine,2007-06-27
Cinéma,2000-07-07
Andrée,2012-02-29
Björn,2007-11-04
Josée,2011-11-24
Daphnée,2007-01-09
Cinéma,2012-04-14
Kù,2015-10-19
Noëlla,2007-09-16
Mélia,2006-01-09
Marie-josée,2004-08-08
Kù,2001-11-04
Lài,2013-12-18
Gösta,2015-11-12
Léa,2004-05-23
Tú,2015-03-13
Maëlyss,2011-09-27
Anaïs,2015-06-26
Maëline,2008-06-21
Lorène,2016-02-14
Renée,2003-05-24
Bénédicte,2012-08-06
Magdalène,2003-03-01
Chloé,2000-11-02
Maëlann,2015-03-04
Maï,2013-10-12
Daphnée,2015-09-14
Joséphine,2011-10-31
Nuó,2013-01-17
Maïlys,2011-05-13
Géraldine,2013-09-10
Geneviève,2011-06-01
Loïc,2012-09-18
Lyséa,2007-06-08
Dà,2002-01-04
Béatrice,2008-08-16
Faîtes,2000-08-11
Médiamass,2005-03-26
Jú,2016-01-25
Publicité,2003-08-09
Loïca,2014-02-28
Adélaïde,2011-08-29
Desirée,2005-06-04
Géraldine,2003-09-26
Åslög,2002-10-20
Angélique,2000-08-13
Félicie,2004-11-03
Clélia,2006-05-10
Mélanie,2010-10-04
Laurène,2009-05-05
Pélagie,2003-05-01
Nélie,2009-01-13
Cléa,2012-09-06
Méng,2006-10-31
Lucrèce,2008-03-06
Céline,2015-06-04
Kù,2015-03-31
Dà,2013-01-23
Åsa,2012-06-07
Styrbjörn,2011-03-27
Mélodie,2005-11-08
Eloïse,2010-10-29
Torbjörn,2007-09-19
Célia,2000-04-14
Aí,2006-05-01
Kallisté,2008-02-14
Styrbjörn,2004-07-18
Sòng,2000-04-14
Clélia,2004-01-09
Sélène,2012-03-25
Angèle,2012-10-18
Loïs,2004-04-17
Danièle,2004-09-09
Océane,2001-12-01
Estève,2004-06-07
Réjane,2012-02-10
Gösta,2001-07-14
Judicaël,2015-12-13
Renée,2009-08-10
Åslög,2001-08-23
Pénélope,2002-03-20
Cléopatre,2004-05-23
Lucrèce,2015-02-19
Laïla,2000-07-18
Marie-hélène,2002-09-20
Gaïa,2005-10-01
Frédérique,2004-08-02
Mégane,2010-06-17
Clémentine,2006-01-16
Anaël,2007-08-09
Almérinda,2003-04-15
Chloé,2012-07-12
Aurélie,2004-08-11
André,2008-12-12
Björn,2014-04-03
Eloïse,2015-07-30
Célia,2011-04-06
Céline,2011-11-04
Céline,2009-04-19
Céline,2008-01-22
Björn,2005-01-23
Aimée,2006-10-28
Mårten,2012-04-11
Kù,2000-03-26
Lyséa,2009-04-24
Thérèsa,2010-05-28
Kuí,2007-08-31
Maëlys,2015-02-21
Céline,2005-05-21
Torbjörn,2013-03-12
Méline,2004-01-06
Loïca,2006-12-30
Mén,2012-01-20
Adélie,2012-11-13
Marie-ève,2005-04-04
Görel,2004-10-12
Sélène,2012-05-17
Renée,2006-06-26
Erwéi,2001-05-06
Laïla,2015-09-27
Publicité,2014-03-23
Amélie,2003-10-13
Valérie,2015-07-17
Mélinda,2015-06-12
Loïs,2005-07-23
Mélodie,2009-11-05
Mélanie,2008-07-12
Aloïs,2009-09-20
Maëlys,2001-12-12
Esbjörn,2009-02-07
Léa,2014-01-23
Ráo,2015-11-20
Béatrice,2003-06-24
Béatrice,2008-02-26
Estève,2008-07-27
Océanne,2015-09-08
Marie-ève,2013-01-01
Clémence,2002-09-26
Léonore,2016-01-09
Andrée,2001-06-19
Néhémie,2010-01-19
Léane,2002-09-27
Almérinda,2000-06-20
Béatrice,2015-08-12
Maëly,2003-11-06
Irène,2006-12-20
Audréanne,2013-02-24
Néhémie,2008-05-04
Laurène,2015-10-28
Faîtes,2005-07-25
Adèle,2013-06-05
Clémentine,2004-02-13
Cécilia,2015-08-01
Maëlla,2013-10-23
Eloïse,2012-09-16
Eliès,2005-10-22
Märta,2002-12-23
Réjane,2012-02-18
Adèle,2002-05-29
Annotée,2008-05-17
Pénélope,2010-05-18
Lóng,2002-12-21
Angélique,2012-04-21
Frédérique,2012-07-10
Pål,2006-06-15
Maëlyss,2001-03-06
Célestine,2010-12-23
Mylène,2014-04-27
Bérangère,2003-07-26
Anaël,2007-07-25
Kallisté,2004-02-13
Marie-josée,2001-07-22
Geneviève,2003-05-21
Laurène,2011-01-31
Mahélie,2003-06-04
Mà,2006-03-13
Magdalène,2007-01-24
Cloé,2007-03-03
Göran,2008-01-28
Geneviève,2001-07-29
Esbjörn,2006-02-14
Laïla,2005-05-02
Lyséa,2014-01-28
Eliès,2009-06-19
Yénora,2002-12-18
Anaé,2007-11-10
Tán,2006-08-01
Mylène,2015-08-18
Thérèsa,2011-09-18
Véronique,2010-08-01
Marie-josée,2005-12-12
Naéva,2009-08-14
Méghane,2001-04-08
Marie-josée,2006-08-03
Loïc,2004-11-30
Cunégonde,2004-01-15
Aloïs,2015-12-12
Maï,2003-03-17
Håkan,2011-05-06
Gaëlle,2013-04-05
Mylène,2003-08-15
Fèi,2008-08-15
Aí,2012-03-27
Anaëlle,2005-04-30
Maïté,2012-04-24
Mahélie,2005-03-30
Stévina,2007-09-07
Maï,2005-09-01
Miléna,2004-11-08
Yú,2001-07-24
Maëline,2015-02-22
Kuí,2002-07-24
Maëlyss,2001-02-01
Cunégonde,2009-01-07
Bénédicte,2009-05-04
Wá,2007-02-03
Réjane,2010-08-03
Lyséa,2002-10-04
Loïca,2008-10-27
Marie-hélène,2010-08-06
Eléonore,2012-08-29
Zhì,2014-05-08
Maëlla,2008-12-29
Chloé,2015-11-27
Mélina,2013-09-01
Réjane,2005-10-15
Lóng,2007-07-01
Aí,2008-11-13
Rachèle,2000-10-09
Athéna,2012-06-10
Naéva,2014-05-22
Edmée,2006-06-21
Maëlla,2009-03-11
Laurélie,2014-04-16
Gwenaëlle,2015-07-02
Östen,2012-01-02
Lóng,2004-08-25
Anaïs,2005-10-14
Göran,2015-05-29
Thérèse,2006-04-23
Lorène,2014-04-17
Noëlla,2013-05-05
Françoise,2008-05-27
Göran,2000-10-10
Maëly,2013-08-03
Mélia,2006-11-11
Léane,2010-06-22
Åslög,2005-08-08
Véronique,2005-08-24
Eliès,2010-05-16
Yóu,2002-07-19
Lèi,2002-09-29
Adélie,2010-07-07
Annotés,2001-06-07
Béatrice,2011-02-05
Åke,2000-03-16
Valérie,2014-08-01
Åslög,2015-04-25
Garçon,2003-06-22
Personnalisée,2002-09-20
Östen,2000-04-02
Alizée,2003-09-05
Pénélope,2008-09-10
Andrée,2014-07-15
Cléa,2001-12-13
Pénélope,2010-08-15
Cécile,2001-10-12
Aurélie,2012-05-11
Valérie,2002-01-05
Léane,2008-06-27
Noémie,2014-07-26
Maïwenn,2015-03-06
Maëlann,2016-02-12
Gérald,2012-07-16
Océane,2006-10-30
Eléa,2012-07-17
Loïs,2001-12-18
Lài,2013-02-08
Cécile,2005-06-23
Gérald,2008-12-14
Yóu,2012-05-12
Personnalisée,2005-08-20
Åke,2003-11-25
Audréanne,2003-09-02
Josée,2007-05-21
Laurélie,2011-08-07
Gaïa,2014-09-02
Gérald,2003-10-14
Mylène,2006-11-07
Marie-thérèse,2007-08-17
Mårten,2013-09-10
Cléopatre,2008-05-24
Måns,2012-11-29
Håkan,2009-09-27
Vérane,2015-05-16
Alizée,2001-08-23
Cloé,2005-04-25
Angèle,2014-02-01
Salomé,2006-07-16
Märta,2014-04-06
Maëlle,2001-05-14
Stévina,2007-06-05
Adèle,2002-07-28
Angèle,2011-01-18
Vérane,2005-09-25
Maïlys,2005-09-28
Clélia,2015-03-09
Naéva,2011-11-08
Yénora,2008-10-31
Méghane,2004-07-19
Méthode,2007-05-03
Stévina,2002-12-24
Jú,2008-11-03
Eugénie,2003-01-20
Agnès,2003-08-01
Ophélie,2002-11-06
Méline,2009-01-05
Måns,2006-04-23
André,2006-01-21
Kallisté,2001-02-04
Léonie,2005-05-06
Mélissandre,2010-06-27
Lucrèce,2011-12-01
Ruò,2006-04-01
Stéphanie,2015-06-11
Maïly,2015-09-22
Göran,2014-03-17
Michèle,2000-04-06
Marylène,2008-01-20
Maï,2010-08-22
Pénélope,2001-04-17
Ruò,2014-08-31
Cécile,2001-11-20
Thérèse,2015-03-19
Naéva,2010-09-26
Marie-noël,2012-07-09
Michèle,2005-01-14
Mégane,2003-03-15
Åke,2011-02-16
Célia,2000-07-11
Rébecca,2000-04-06
Uò,2013-11-16
Chloé,2015-04-01
Zhì,2013-06-07
Esbjörn,2004-01-16
Agnès,2013-05-15
Simplifiés,2014-03-11
Mylène,2012-06-05
Cinéma,2005-12-27
Fèi,2007-09-04
Daphnée,2006-09-18
Adélie,2010-02-02
Cléopatre,2003-05-18
Mylène,2000-11-03
Régine,2008-11-07
Gisèle,2014-07-04
Jú,2007-09-19
Valérie,2010-02-14
Mén,2005-01-02
Cinéma,2012-10-24
Amélie,2013-05-20
Aurélie,2006-01-02
Pò,2015-05-16
Åsa,2013-10-05
Hélèna,2007-02-26
Chloé,2012-07-28
Laurélie,2007-05-15
Styrbjörn,2002-07-07
Bénédicte,2014-07-29
Angélique,2014-08-14
