first_name,last_name
Harold,Gibson
Brian,Adams
Peter,Howell
Matthew,Lane
David,Fisher
Raymond,Turner
Steven,Phillips
Gerald,Fuller
Louis,Mcdonald
Wanda,Holmes
James,Richardson
Amanda,Brown
Walter,Gordon
Rose,Richardson
Ronald,Coleman
Ruby,Robertson
Nicole,Davis
Margaret,Johnston
Shawn,Stephens
Dorothy,Hart
Adam,Dean
Carlos,Burke
Walter,Stanley
Jesse,Simmons
Wanda,Kelly
Stephanie,Little
David,Washington
Stephanie,Payne
Sara,Griffin
George,Watkins
Emily,Anderson
Dorothy,Tucker
Anne,Gilbert
Bruce,Duncan
Rose,Hughes
Patricia,Meyer
Brenda,Torres
Marie,Johnson
James,Williamson
Craig,Gibson
Diane,Fox
Jessica,Mills
Robin,Watson
Gloria,Palmer
Jacqueline,Bradley
Adam,Rose
James,Pierce
Jack,Moore
Jennifer,Schmidt
Ernest,Jones
Janice,Robinson
Joyce,Miller
Sandra,Bailey
Albert,Fernandez
Helen,Andrews
Sara,Rivera
Kathleen,Jordan
William,Chavez
Bruce,Ramos
Jeremy,Hart
Anne,Miller
Kimberly,Torres
Annie,Jenkins
Laura,Fox
Scott,Kim
Steven,Richardson
Gloria,Daniels
Doris,Sullivan
Jerry,Black
Jeremy,Dean
Michael,Burton
Amy,Snyder
Eugene,Harrison
Rose,Lawson
Elizabeth,Bennett
Antonio,Moore
Marilyn,Parker
Gerald,Nguyen
Daniel,Hansen
Sean,Fisher
Amanda,Nelson
Mildred,Garrett
Evelyn,Martinez
Heather,Sanders
John,Rose
Harold,Black
Ralph,Stone
Janet,Russell
Carolyn,Stone
Nicholas,Marshall
Julie,Lane
Stephanie,Diaz
Kevin,Rogers
Brenda,Garza
Mildred,Hunt
Diane,Chavez
Nicholas,Sims
Jason,Montgomery
Willie,West
Betty,Howard
